期次,開獎日期,天干,地支,節氣,球1,球2,球3,球4,球5,球6
95001,2006/1/2,,,,6,15,22,25,35,41
95002,2006/1/5,,,,18,23,26,38,39,48
95003,2006/1/9,,,,8,20,22,39,45,46
95004,2006/1/12,,,,7,11,22,24,28,30
95005,2006/1/16,,,,4,12,15,19,26,31
95006,2006/1/19,,,,3,11,18,20,21,26
95007,2006/1/23,,,,1,11,16,21,23,40
95008,2006/1/26,,,,10,29,30,32,43,47
95009,2006/1/30,,,,4,5,13,26,32,42
95010,2006/2/2,,,,2,8,12,20,26,33
95011,2006/2/6,,,,11,15,18,25,29,49
95012,2006/2/9,,,,12,21,34,37,38,39
95013,2006/2/13,,,,3,15,21,23,36,49
95014,2006/2/16,,,,5,6,18,23,26,29
95015,2006/2/20,,,,2,14,18,21,37,43
95016,2006/2/23,,,,7,12,16,17,19,33
95017,2006/2/27,,,,9,17,18,27,36,42
95018,2006/3/2,,,,5,8,24,31,32,39
95019,2006/3/6,,,,5,7,9,15,31,34
95020,2006/3/9,,,,6,13,15,17,18,22
95021,2006/3/13,,,,4,21,25,35,39,42
95022,2006/3/16,,,,3,9,18,42,45,46
95023,2006/3/20,,,,12,28,30,40,47,49
95024,2006/3/23,,,,7,23,28,29,38,46
95025,2006/3/28,,,,5,8,9,15,29,45
95026,2006/3/30,,,,12,17,26,31,35,48
95027,2006/4/4,,,,6,10,11,32,34,39
95028,2006/4/6,,,,5,23,36,38,40,42
95029,2006/4/11,,,,8,10,16,22,37,38
95030,2006/4/13,,,,1,23,25,37,39,45
95031,2006/4/18,,,,4,6,14,16,20,41
95032,2006/4/20,,,,9,13,15,27,34,42
95033,2006/4/25,,,,3,9,19,40,44,49
95034,2006/4/27,,,,9,12,30,33,42,49
95035,2006/5/2,,,,3,16,24,25,40,43
95036,2006/5/4,,,,2,3,19,26,27,41
95037,2006/5/9,,,,5,8,18,26,38,42
95038,2006/5/11,,,,2,12,19,26,34,46
95039,2006/5/16,,,,8,20,35,36,45,46
95040,2006/5/18,,,,1,23,28,46,47,49
95041,2006/5/23,,,,11,20,31,38,42,46
95042,2006/5/25,,,,1,15,20,37,47,48
95043,2006/5/30,,,,2,9,15,16,22,49
95044,2006/6/1,,,,4,11,34,35,45,48
95045,2006/6/6,,,,4,12,15,37,41,42
95046,2006/6/8,,,,3,4,15,23,26,47
95047,2006/6/13,,,,8,11,12,32,38,45
95048,2006/6/15,,,,1,25,35,37,44,46
95049,2006/6/20,,,,3,8,14,18,19,43
95050,2006/6/22,,,,1,18,31,39,41,47
95051,2006/6/27,,,,1,20,29,30,35,39
95052,2006/6/29,,,,11,15,17,21,23,31
95053,2006/7/4,,,,8,9,14,19,20,33
95054,2006/7/6,,,,14,23,24,41,44,47
95055,2006/7/11,,,,1,6,9,16,42,44
95056,2006/7/13,,,,6,16,24,34,42,43
95057,2006/7/18,,,,11,20,31,34,36,38
95058,2006/7/20,,,,7,30,37,41,43,49
95059,2006/7/25,,,,14,16,25,27,42,49
95060,2006/7/27,,,,4,36,37,42,45,46
95061,2006/8/1,,,,12,28,29,35,37,42
95062,2006/8/3,,,,3,20,21,42,44,46
95063,2006/8/8,,,,4,8,12,20,22,39
95064,2006/8/10,,,,3,9,16,40,43,48
95065,2006/8/15,,,,6,10,19,27,32,41
95066,2006/8/17,,,,18,23,25,28,35,36
95067,2006/8/22,,,,16,20,24,30,38,40
95068,2006/8/24,,,,10,11,14,17,21,45
95069,2006/8/29,,,,17,24,34,38,42,49
95070,2006/8/31,,,,5,6,25,33,38,49
95071,2006/9/5,,,,2,5,27,30,33,48
95072,2006/9/7,,,,11,12,15,28,43,48
95073,2006/9/12,,,,2,8,11,14,15,21
95074,2006/9/14,,,,1,10,37,39,43,44
95075,2006/9/19,,,,1,9,21,39,40,41
95076,2006/9/21,,,,6,13,20,21,33,40
95077,2006/9/26,,,,2,6,8,25,30,45
95078,2006/9/28,,,,8,19,30,33,37,43
95079,2006/10/3,,,,6,7,23,31,33,36
95080,2006/10/5,,,,7,15,20,32,36,44
95081,2006/10/10,,,,1,17,21,35,36,46
95082,2006/10/12,,,,9,17,23,26,30,41
95083,2006/10/17,,,,8,13,16,41,43,46
95084,2006/10/19,,,,9,10,12,25,33,38
95085,2006/10/24,,,,1,4,5,15,18,42
95086,2006/10/26,,,,5,7,11,19,36,42
95087,2006/10/31,,,,6,8,29,39,46,49
95088,2006/11/2,,,,6,30,34,45,46,48
95089,2006/11/7,,,,5,18,20,33,38,40
95090,2006/11/9,,,,12,14,20,22,37,40
95091,2006/11/14,,,,5,17,29,34,38,47
95092,2006/11/16,,,,2,17,28,29,38,49
95093,2006/11/21,,,,6,7,11,19,47,48
95094,2006/11/23,,,,1,23,34,37,43,45
95095,2006/11/28,,,,14,19,31,37,42,45
95096,2006/11/30,,,,3,6,7,14,16,43
95097,2006/12/5,,,,14,26,28,35,41,45
95098,2006/12/7,,,,5,27,28,30,35,42
95099,2006/12/12,,,,16,18,37,38,45,46
95100,2006/12/14,,,,2,4,8,27,33,48
95101,2006/12/19,,,,12,19,30,32,34,36
95102,2006/12/21,,,,16,32,42,45,46,49
95103,2006/12/26,,,,6,13,24,31,32,49
95104,2006/12/28,,,,1,4,7,8,25,31
96001,2007/1/2,,,,13,21,23,27,31,49
96002,2007/1/5,,,,12,19,23,42,44,48
96003,2007/1/9,,,,26,28,35,39,44,45
96004,2007/1/12,,,,10,16,26,28,31,33
96005,2007/1/16,,,,13,28,33,38,43,48
96006,2007/1/19,,,,6,26,27,44,45,46
96007,2007/1/23,,,,6,7,15,31,36,44
96008,2007/1/26,,,,8,13,18,26,34,36
96009,2007/1/30,,,,6,18,26,39,42,45
96010,2007/2/2,,,,7,8,10,12,47,48
96011,2007/2/6,,,,12,16,26,32,41,48
96012,2007/2/9,,,,7,28,30,41,45,48
96013,2007/2/13,,,,2,8,25,39,43,46
96014,2007/2/16,,,,18,19,27,34,44,48
96015,2007/2/20,,,,1,13,19,33,38,45
96016,2007/2/23,,,,5,13,25,30,39,48
96017,2007/2/27,,,,6,22,36,39,48,49
96018,2007/3/2,,,,12,15,24,32,39,49
96019,2007/3/6,,,,2,15,16,31,33,46
96020,2007/3/9,,,,12,14,20,21,23,31
96021,2007/3/13,,,,4,13,22,24,26,41
96022,2007/3/16,,,,28,35,36,38,43,49
96023,2007/3/20,,,,14,15,25,37,47,49
96024,2007/3/23,,,,5,6,17,19,20,32
96025,2007/3/27,,,,4,11,21,39,42,43
96026,2007/3/30,,,,14,31,33,40,45,46
96027,2007/4/3,,,,4,10,39,43,45,49
96028,2007/4/6,,,,10,18,22,34,35,37
96029,2007/4/10,,,,2,4,6,20,42,47
96030,2007/4/13,,,,5,15,23,28,31,33
96031,2007/4/17,,,,8,31,40,44,45,48
96032,2007/4/20,,,,9,15,16,19,44,49
96033,2007/4/24,,,,8,20,22,25,38,40
96034,2007/4/27,,,,9,10,29,32,38,42
96035,2007/5/1,,,,21,24,28,34,45,49
96036,2007/5/4,,,,6,22,34,38,40,44
96037,2007/5/8,,,,1,16,27,28,41,46
96038,2007/5/11,,,,10,13,21,26,29,47
96039,2007/5/15,,,,13,31,35,40,47,48
96040,2007/5/18,,,,11,12,27,41,43,46
96041,2007/5/22,,,,1,18,30,32,41,48
96042,2007/5/25,,,,2,11,13,25,34,36
96043,2007/5/29,,,,10,15,18,43,45,48
96044,2007/6/1,,,,7,8,11,25,34,43
96045,2007/6/5,,,,1,16,23,25,36,47
96046,2007/6/8,,,,1,2,11,26,28,46
96047,2007/6/12,,,,3,5,20,38,39,44
96048,2007/6/15,,,,11,17,28,34,36,46
96049,2007/6/19,,,,20,28,33,41,43,45
96050,2007/6/22,,,,13,32,35,39,41,42
96051,2007/6/26,,,,18,24,37,38,43,47
96052,2007/6/29,,,,9,23,26,28,29,44
96053,2007/7/3,,,,1,5,9,21,24,49
96054,2007/7/6,,,,9,12,23,36,44,48
96055,2007/7/10,,,,2,29,34,40,44,45
96056,2007/7/13,,,,5,10,13,18,34,35
96057,2007/7/17,,,,15,29,37,39,48,49
96058,2007/7/20,,,,2,5,10,19,23,25
96059,2007/7/24,,,,1,7,12,22,29,31
96060,2007/7/27,,,,13,21,32,39,42,46
96061,2007/7/31,,,,1,6,7,25,39,41
96062,2007/8/3,,,,2,12,15,27,38,40
96063,2007/8/7,,,,1,5,18,25,35,41
96064,2007/8/10,,,,11,22,27,29,35,40
96065,2007/8/14,,,,2,5,12,25,26,38
96066,2007/8/17,,,,2,12,31,35,43,47
96067,2007/8/21,,,,16,24,25,38,42,46
96068,2007/8/24,,,,4,6,7,12,25,47
96069,2007/8/28,,,,2,11,22,29,34,39
96070,2007/8/31,,,,23,31,35,40,41,44
96071,2007/9/4,,,,9,17,18,21,42,48
96072,2007/9/7,,,,3,5,22,32,42,49
96073,2007/9/11,,,,3,14,18,22,28,36
96074,2007/9/14,,,,2,15,22,27,45,48
96075,2007/9/18,,,,20,25,29,31,37,46
96076,2007/9/21,,,,1,16,24,31,35,39
96077,2007/9/25,,,,8,10,12,28,38,42
96078,2007/9/28,,,,8,9,16,17,19,30
96079,2007/10/2,,,,3,4,8,9,24,49
96080,2007/10/5,,,,3,10,19,26,29,48
96081,2007/10/9,,,,9,36,38,40,46,47
96082,2007/10/12,,,,9,20,23,26,28,37
96083,2007/10/16,,,,5,7,11,18,38,40
96084,2007/10/19,,,,15,17,22,28,36,46
96085,2007/10/23,,,,10,25,29,34,47,49
96086,2007/10/26,,,,3,11,13,16,21,36
96087,2007/10/30,,,,1,4,9,17,19,41
96088,2007/11/2,,,,4,10,28,44,45,48
96089,2007/11/6,,,,1,10,27,40,43,44
96090,2007/11/9,,,,1,2,6,12,18,24
96091,2007/11/13,,,,3,5,16,17,32,37
96092,2007/11/16,,,,16,20,22,39,42,46
96093,2007/11/20,,,,1,16,17,20,22,42
96094,2007/11/23,,,,1,22,23,43,46,49
96095,2007/11/27,,,,8,12,16,34,36,47
96096,2007/11/30,,,,8,15,16,19,30,45
96097,2007/12/4,,,,1,16,31,38,43,44
96098,2007/12/7,,,,8,10,17,28,32,34
96099,2007/12/11,,,,10,15,16,20,27,43
96100,2007/12/14,,,,1,17,26,27,34,39
96101,2007/12/18,,,,4,7,13,19,23,49
96102,2007/12/21,,,,15,19,20,22,28,44
96103,2007/12/25,,,,5,6,9,18,31,37
96104,2007/12/28,,,,10,12,16,18,22,29
97001,2008/1/1,,,,13,18,27,43,47,48
97002,2008/1/4,,,,5,13,29,31,39,40
97003,2008/1/8,,,,3,7,12,17,28,44
97004,2008/1/11,,,,3,7,8,27,37,49
97005,2008/1/15,,,,5,8,10,31,32,41
97006,2008/1/18,,,,6,8,18,25,26,36
97007,2008/1/22,,,,9,13,14,26,30,37
97008,2008/1/25,,,,1,4,15,20,24,40
97009,2008/1/29,,,,21,34,38,41,42,49
97010,2008/2/1,,,,1,2,6,18,20,38
97011,2008/2/5,,,,17,29,30,33,35,42
97012,2008/2/8,,,,1,3,6,7,15,27
97013,2008/2/12,,,,5,12,19,22,25,27
97014,2008/2/15,,,,1,22,31,41,42,46
97015,2008/2/19,,,,16,22,26,31,39,43
97016,2008/2/22,,,,1,3,7,12,30,43
97017,2008/2/26,,,,6,16,33,37,40,47
97018,2008/2/29,,,,1,7,9,10,18,27
97019,2008/3/4,,,,1,15,22,25,38,47
97020,2008/3/7,,,,12,25,28,40,41,42
97021,2008/3/11,,,,7,8,21,30,36,44
97022,2008/3/14,,,,3,21,30,34,44,49
97023,2008/3/18,,,,1,9,27,33,38,49
97024,2008/3/21,,,,11,14,27,32,34,49
97025,2008/3/25,,,,2,3,5,13,33,49
97026,2008/3/28,,,,1,8,9,12,19,26
97027,2008/4/1,,,,8,16,24,25,32,33
97028,2008/4/4,,,,13,23,28,30,38,44
97029,2008/4/8,,,,11,23,29,32,37,39
97030,2008/4/11,,,,5,6,23,25,28,42
97031,2008/4/15,,,,13,20,32,33,43,47
97032,2008/4/18,,,,4,13,25,35,38,43
97033,2008/4/22,,,,10,15,31,36,44,49
97034,2008/4/25,,,,4,15,20,45,47,48
97035,2008/4/29,,,,2,3,11,32,35,42
97036,2008/5/2,,,,11,13,14,33,39,45
97037,2008/5/6,,,,9,10,15,23,46,48
97038,2008/5/9,,,,15,17,23,36,43,48
97039,2008/5/13,,,,11,31,37,38,41,47
97040,2008/5/16,,,,3,7,21,22,26,40
97041,2008/5/20,,,,8,14,17,42,45,47
97042,2008/5/23,,,,2,10,11,29,37,44
97043,2008/5/27,,,,4,7,15,24,41,49
97044,2008/5/30,,,,8,11,12,20,32,42
97045,2008/6/3,,,,1,20,24,27,29,31
97046,2008/6/6,,,,1,20,22,31,40,42
97047,2008/6/10,,,,14,19,20,22,34,39
97048,2008/6/13,,,,7,8,20,21,31,39
97049,2008/6/17,,,,1,7,15,32,40,41
97050,2008/6/20,,,,3,20,21,24,28,39
97051,2008/6/24,,,,2,7,8,20,33,43
97052,2008/6/27,,,,1,2,9,10,38,41
97053,2008/7/1,,,,15,20,24,35,43,48
97054,2008/7/4,,,,6,10,17,21,43,49
97055,2008/7/8,,,,14,23,32,33,36,42
97056,2008/7/11,,,,7,21,22,23,34,36
97057,2008/7/15,,,,6,16,21,36,37,45
97058,2008/7/18,,,,4,6,9,15,20,38
97059,2008/7/22,,,,1,17,25,29,30,33
97060,2008/7/25,,,,7,19,25,29,35,43
97061,2008/7/29,,,,16,39,41,42,43,45
97062,2008/8/1,,,,7,11,18,22,37,38
97063,2008/8/5,,,,5,10,29,41,44,45
97064,2008/8/8,,,,8,16,20,33,35,49
97065,2008/8/12,,,,16,22,24,33,43,49
97066,2008/8/15,,,,8,14,23,24,43,44
97067,2008/8/19,,,,2,16,25,35,39,43
97068,2008/8/22,,,,4,5,8,26,31,37
97069,2008/8/26,,,,2,4,6,18,23,24
97070,2008/8/29,,,,2,24,25,26,28,46
97071,2008/9/2,,,,2,3,10,21,25,34
97072,2008/9/5,,,,2,3,14,22,32,33
97073,2008/9/9,,,,10,23,27,28,35,46
97074,2008/9/12,,,,1,9,16,18,34,37
97075,2008/9/16,,,,2,25,31,32,44,46
97076,2008/9/19,,,,2,13,23,28,35,48
97077,2008/9/23,,,,2,9,20,22,29,35
97078,2008/9/26,,,,15,29,30,36,41,42
97079,2008/9/30,,,,1,7,9,13,22,27
97080,2008/10/3,,,,18,19,37,41,45,48
97081,2008/10/7,,,,1,20,28,29,33,34
97082,2008/10/10,,,,13,14,20,24,41,47
97083,2008/10/14,,,,8,28,30,43,44,46
97084,2008/10/17,,,,5,11,15,19,28,36
97085,2008/10/21,,,,2,4,7,8,18,30
97086,2008/10/24,,,,5,6,8,9,14,49
97087,2008/10/28,,,,2,7,12,14,36,41
97088,2008/10/31,,,,1,3,9,11,19,47
97089,2008/11/4,,,,11,13,19,20,32,40
97090,2008/11/7,,,,15,25,30,33,40,46
97091,2008/11/11,,,,11,13,33,34,39,45
97092,2008/11/14,,,,7,15,23,35,36,43
97093,2008/11/18,,,,14,17,20,29,34,39
97094,2008/11/21,,,,16,17,21,28,30,37
97095,2008/11/25,,,,4,15,26,39,46,49
97096,2008/11/28,,,,1,5,7,16,17,41
97097,2008/12/2,,,,7,21,29,30,37,49
97098,2008/12/5,,,,2,3,8,31,40,44
97099,2008/12/9,,,,1,5,6,16,26,41
97100,2008/12/12,,,,2,28,34,36,39,42
97101,2008/12/16,,,,14,25,26,35,39,40
97102,2008/12/19,,,,3,10,15,30,38,45
97103,2008/12/23,,,,2,7,23,25,39,45
97104,2008/12/26,,,,8,15,18,33,37,40
97105,2008/12/30,,,,3,9,25,26,36,39
98001,2009/1/2,,,,2,6,23,26,35,38
98002,2009/1/6,,,,4,15,20,21,29,33
98003,2009/1/9,,,,4,15,27,30,37,45
98004,2009/1/13,,,,4,11,18,33,47,48
98005,2009/1/16,,,,8,24,25,26,33,40
98006,2009/1/20,,,,7,21,22,23,40,43
98007,2009/1/23,,,,10,11,21,28,38,40
98008,2009/1/27,,,,13,14,27,32,35,38
98009,2009/1/30,,,,2,5,10,23,39,41
98010,2009/2/3,,,,3,10,14,23,42,43
98011,2009/2/6,,,,4,7,10,21,27,32
98012,2009/2/10,,,,9,12,18,30,46,48
98013,2009/2/13,,,,2,3,7,24,42,45
98014,2009/2/17,,,,5,16,21,22,36,43
98015,2009/2/20,,,,1,13,24,34,40,49
98016,2009/2/24,,,,4,11,23,25,38,46
98017,2009/2/27,,,,13,17,19,26,34,36
98018,2009/3/3,,,,7,14,26,28,34,45
98019,2009/3/6,,,,6,13,21,26,31,32
98020,2009/3/10,,,,9,13,26,28,36,38
98021,2009/3/13,,,,9,24,32,45,46,47
98022,2009/3/17,,,,1,5,18,23,29,35
98023,2009/3/20,,,,2,7,9,11,18,31
98024,2009/3/24,,,,2,7,18,21,25,29
98025,2009/3/27,,,,1,2,18,28,34,40
98026,2009/3/31,,,,13,16,23,25,31,47
98027,2009/4/3,,,,6,33,36,42,44,45
98028,2009/4/7,,,,3,12,24,31,43,46
98029,2009/4/10,,,,8,9,25,36,40,44
98030,2009/4/14,,,,2,8,20,23,45,48
98031,2009/4/17,,,,16,18,21,22,24,38
98032,2009/4/21,,,,11,16,23,27,36,39
98033,2009/4/24,,,,13,20,21,24,42,49
98034,2009/4/28,,,,5,18,29,30,39,43
98035,2009/5/1,,,,3,5,21,26,38,43
98036,2009/5/5,,,,12,15,37,42,45,47
98037,2009/5/8,,,,3,15,19,22,24,31
98038,2009/5/12,,,,1,3,20,26,39,44
98039,2009/5/15,,,,5,7,14,15,18,45
98040,2009/5/19,,,,11,31,32,38,46,48
98041,2009/5/22,,,,1,2,16,18,32,40
98042,2009/5/26,,,,3,8,33,39,41,48
98043,2009/5/29,,,,21,29,30,34,36,45
98044,2009/6/2,,,,11,12,20,28,34,46
98045,2009/6/5,,,,6,23,27,42,44,49
98046,2009/6/9,,,,26,27,35,36,44,49
98047,2009/6/12,,,,12,13,32,41,43,44
98048,2009/6/16,,,,3,5,8,10,25,30
98049,2009/6/19,,,,2,12,19,23,40,42
98050,2009/6/23,,,,6,21,22,29,43,49
98051,2009/6/26,,,,6,12,33,38,43,45
98052,2009/6/30,,,,4,7,9,21,26,34
98053,2009/7/3,,,,17,19,32,40,41,47
98054,2009/7/7,,,,2,25,31,37,39,47
98055,2009/7/10,,,,3,8,21,26,30,46
98056,2009/7/14,,,,4,5,15,37,41,44
98057,2009/7/17,,,,9,11,13,16,38,42
98058,2009/7/21,,,,5,17,27,28,39,48
98059,2009/7/24,,,,1,3,7,22,40,47
98060,2009/7/28,,,,2,10,13,15,25,49
98061,2009/7/31,,,,4,7,9,10,24,42
98062,2009/8/4,,,,2,21,23,27,44,48
98063,2009/8/7,,,,1,2,15,26,31,49
98064,2009/8/11,,,,3,24,27,28,30,46
98065,2009/8/14,,,,4,8,15,26,39,49
98066,2009/8/18,,,,11,12,18,31,46,47
98067,2009/8/21,,,,11,13,32,37,42,43
98068,2009/8/25,,,,1,7,9,15,21,38
98069,2009/8/28,,,,12,23,39,44,45,48
98070,2009/9/1,,,,7,8,12,19,26,36
98071,2009/9/4,,,,5,28,31,36,40,49
98072,2009/9/8,,,,8,11,12,15,19,20
98073,2009/9/11,,,,10,16,18,31,33,48
98074,2009/9/15,,,,2,4,26,36,43,48
98075,2009/9/18,,,,2,4,8,9,26,38
98076,2009/9/22,,,,3,4,8,12,21,42
98077,2009/9/25,,,,1,9,13,16,33,37
98078,2009/9/29,,,,17,27,32,37,45,47
98079,2009/10/2,,,,9,15,25,28,30,35
98080,2009/10/6,,,,9,14,15,22,26,33
98081,2009/10/9,,,,10,14,17,33,40,41
98082,2009/10/13,,,,5,13,28,40,44,49
98083,2009/10/16,,,,13,15,20,29,30,43
98084,2009/10/20,,,,1,11,12,14,41,46
98085,2009/10/23,,,,5,6,18,19,21,34
98086,2009/10/27,,,,2,12,28,32,42,46
98087,2009/10/30,,,,4,8,12,20,37,39
98088,2009/11/3,,,,5,13,20,26,29,34
98089,2009/11/6,,,,1,2,10,44,45,46
98090,2009/11/10,,,,2,7,22,25,26,42
98091,2009/11/13,,,,13,25,32,33,38,47
98092,2009/11/17,,,,1,4,8,10,34,49
98093,2009/11/20,,,,5,13,15,20,26,31
98094,2009/11/24,,,,2,7,13,23,27,40
98095,2009/11/27,,,,1,5,6,15,19,26
98096,2009/12/1,,,,11,23,27,29,38,49
98097,2009/12/4,,,,2,3,13,19,22,39
98098,2009/12/8,,,,4,16,19,27,32,39
98099,2009/12/11,,,,12,15,20,29,36,48
98100,2009/12/15,,,,4,35,38,43,44,48
98101,2009/12/18,,,,3,16,32,42,43,45
98102,2009/12/22,,,,10,11,14,24,27,47
98103,2009/12/25,,,,9,12,22,30,42,47
98104,2009/12/29,,,,12,21,25,29,42,48
99001,2010/1/1,,,,2,16,20,22,23,27
99002,2010/1/5,,,,11,18,24,32,38,40
99003,2010/1/8,,,,1,8,19,21,43,45
99004,2010/1/12,,,,1,23,34,36,46,48
99005,2010/1/15,,,,4,7,26,41,47,49
99006,2010/1/19,,,,13,24,25,32,35,45
99007,2010/1/22,,,,3,23,24,31,32,46
99008,2010/1/26,,,,25,26,28,33,39,40
99009,2010/1/29,,,,16,18,29,34,44,49
99010,2010/2/2,,,,9,15,18,21,27,41
99011,2010/2/5,,,,1,5,14,19,33,36
99012,2010/2/9,,,,9,13,32,34,35,45
99013,2010/2/12,,,,1,14,23,31,32,40
99014,2010/2/16,,,,5,26,29,36,43,49
99015,2010/2/19,,,,12,14,27,30,37,43
99016,2010/2/23,,,,5,19,23,40,45,48
99017,2010/2/26,,,,5,6,22,32,34,47
99018,2010/3/2,,,,2,3,9,33,34,38
99019,2010/3/5,,,,3,15,21,22,35,38
99020,2010/3/9,,,,5,7,12,14,16,36
99021,2010/3/12,,,,18,19,23,31,35,38
99022,2010/3/16,,,,26,36,37,39,41,46
99023,2010/3/19,,,,5,8,18,22,29,49
99024,2010/3/23,,,,11,22,28,35,37,48
99025,2010/3/26,,,,9,17,19,23,35,36
99026,2010/3/30,,,,16,37,41,46,47,49
99027,2010/4/2,,,,1,6,16,21,41,48
99028,2010/4/6,,,,9,23,27,28,31,41
99029,2010/4/9,,,,4,5,29,36,40,49
99030,2010/4/13,,,,12,14,34,42,46,49
99031,2010/4/16,,,,1,24,30,31,34,40
99032,2010/4/20,,,,2,7,21,23,32,41
99033,2010/4/23,,,,3,4,30,45,47,49
99034,2010/4/27,,,,12,14,16,34,35,48
99035,2010/4/30,,,,8,35,36,37,39,44
99036,2010/5/4,,,,4,15,23,32,34,35
99037,2010/5/7,,,,19,23,28,32,38,49
99038,2010/5/11,,,,11,13,29,33,42,45
99039,2010/5/14,,,,3,6,16,21,28,47
99040,2010/5/18,,,,3,6,14,27,28,33
99041,2010/5/21,,,,4,12,16,27,44,47
99042,2010/5/25,,,,1,20,30,32,34,43
99043,2010/5/28,,,,3,18,19,20,26,43
99044,2010/6/1,,,,2,5,15,28,35,40
99045,2010/6/4,,,,11,15,27,28,37,39
99046,2010/6/8,,,,8,24,25,40,42,46
99047,2010/6/11,,,,1,20,21,27,42,43
99048,2010/6/15,,,,2,4,17,20,27,44
99049,2010/6/18,,,,2,5,15,20,26,48
99050,2010/6/22,,,,9,15,26,28,36,42
99051,2010/6/25,,,,11,24,27,39,46,47
99052,2010/6/29,,,,1,4,11,18,20,48
99053,2010/7/2,,,,7,10,20,23,32,45
99054,2010/7/6,,,,5,11,21,25,43,48
99055,2010/7/9,,,,11,24,25,32,33,35
99056,2010/7/13,,,,2,5,8,15,31,34
99057,2010/7/16,,,,16,17,18,20,32,45
99058,2010/7/20,,,,5,22,23,27,29,43
99059,2010/7/23,,,,8,15,22,42,43,49
99060,2010/7/27,,,,3,15,33,38,44,49
99061,2010/7/30,,,,8,11,12,14,23,36
99062,2010/8/3,,,,3,13,15,25,29,49
99063,2010/8/6,,,,10,19,21,22,28,47
99064,2010/8/10,,,,3,24,25,28,38,40
99065,2010/8/13,,,,2,13,22,30,36,48
99066,2010/8/17,,,,6,14,18,19,20,42
99067,2010/8/20,,,,8,21,28,33,38,44
99068,2010/8/24,,,,6,8,30,45,47,48
99069,2010/8/27,,,,8,14,27,30,42,47
99070,2010/8/31,,,,4,7,20,23,31,43
99071,2010/9/3,,,,5,7,18,20,38,47
99072,2010/9/7,,,,3,4,8,16,41,43
99073,2010/9/10,,,,10,14,18,41,42,49
99074,2010/9/14,,,,1,2,19,22,26,44
99075,2010/9/17,,,,12,13,24,34,35,39
99076,2010/9/21,,,,1,22,35,38,39,45
99077,2010/9/24,,,,2,8,29,36,42,44
99078,2010/9/28,,,,3,4,19,22,32,40
99079,2010/10/1,,,,8,12,23,37,38,48
99080,2010/10/5,,,,14,16,21,32,35,43
99081,2010/10/8,,,,3,11,14,39,41,48
99082,2010/10/12,,,,8,9,10,20,31,40
99083,2010/10/15,,,,1,11,20,28,30,46
99084,2010/10/19,,,,12,21,27,35,36,37
99085,2010/10/22,,,,1,4,8,13,18,49
99086,2010/10/26,,,,3,14,22,35,43,44
99087,2010/10/29,,,,4,13,19,26,27,28
99088,2010/11/2,,,,4,5,21,34,36,39
99089,2010/11/5,,,,5,8,13,16,28,47
99090,2010/11/9,,,,5,7,21,30,31,36
99091,2010/11/12,,,,3,10,23,36,37,39
99092,2010/11/16,,,,2,7,10,12,15,43
99093,2010/11/19,,,,3,6,40,43,44,45
99094,2010/11/23,,,,2,3,26,30,32,48
99095,2010/11/26,,,,18,22,23,35,44,49
99096,2010/11/30,,,,7,8,24,34,36,38
99097,2010/12/3,,,,17,23,33,38,43,48
99098,2010/12/7,,,,21,22,30,37,38,49
99099,2010/12/10,,,,1,17,22,26,29,33
99100,2010/12/14,,,,15,16,17,20,32,41
99101,2010/12/17,,,,9,25,28,30,35,41
99102,2010/12/21,,,,1,12,23,35,38,45
99103,2010/12/24,,,,16,27,39,43,48,49
99104,2010/12/28,,,,2,13,17,27,31,36
99105,2010/12/31,,,,4,9,27,36,38,39
100001,2011/1/4,,,,14,19,23,35,37,47
100002,2011/1/7,,,,11,13,34,35,47,49
100003,2011/1/11,,,,7,10,11,12,14,20
100004,2011/1/14,,,,16,17,20,32,39,45
100005,2011/1/18,,,,15,38,40,42,46,47
100006,2011/1/21,,,,2,32,36,37,39,43
100007,2011/1/25,,,,12,13,17,21,31,39
100008,2011/1/28,,,,3,4,13,18,24,42
100009,2011/2/1,,,,1,6,17,25,40,42
100010,2011/2/4,,,,10,33,41,42,47,49
100011,2011/2/8,,,,5,6,23,31,39,41
100012,2011/2/11,,,,3,4,7,34,36,45
100013,2011/2/15,,,,9,12,15,24,33,35
100014,2011/2/18,,,,14,20,23,26,37,38
100015,2011/2/22,,,,13,15,20,32,35,39
100016,2011/2/25,,,,2,3,20,28,36,44
100017,2011/3/1,,,,3,8,14,27,31,48
100018,2011/3/4,,,,12,16,18,22,23,27
100019,2011/3/8,,,,1,6,24,25,32,47
100020,2011/3/11,,,,5,11,13,21,22,42
100021,2011/3/15,,,,4,19,28,29,30,41
100022,2011/3/18,,,,3,15,23,30,36,37
100023,2011/3/22,,,,6,8,20,24,36,47
100024,2011/3/25,,,,1,18,35,39,43,48
100025,2011/3/29,,,,4,10,12,18,22,40
100026,2011/4/1,,,,14,20,30,32,35,43
100027,2011/4/5,,,,8,10,20,24,28,29
100028,2011/4/8,,,,9,10,23,29,37,38
100029,2011/4/12,,,,4,6,14,24,29,33
100030,2011/4/15,,,,15,28,37,38,42,47
100031,2011/4/19,,,,22,35,37,41,46,47
100032,2011/4/22,,,,4,21,22,26,36,46
100033,2011/4/26,,,,20,37,39,40,41,45
100034,2011/4/29,,,,1,7,16,17,22,23
100035,2011/5/3,,,,10,15,18,24,28,43
100036,2011/5/6,,,,6,22,23,24,36,44
100037,2011/5/10,,,,5,12,25,35,38,42
100038,2011/5/13,,,,16,19,21,29,36,42
100039,2011/5/17,,,,1,3,11,15,26,48
100040,2011/5/20,,,,2,33,34,42,44,47
100041,2011/5/24,,,,1,16,19,24,25,26
100042,2011/5/27,,,,5,10,24,32,43,48
100043,2011/5/31,,,,5,9,15,32,38,43
100044,2011/6/3,,,,8,12,13,15,35,46
100045,2011/6/7,,,,3,8,22,27,31,39
100046,2011/6/10,,,,6,10,19,29,37,41
100047,2011/6/14,,,,5,17,21,31,33,48
100048,2011/6/17,,,,1,2,19,31,47,48
100049,2011/6/21,,,,1,10,13,40,42,46
100050,2011/6/24,,,,11,19,21,27,38,39
100051,2011/6/28,,,,11,13,15,23,27,33
100052,2011/7/1,,,,9,23,25,31,44,49
100053,2011/7/5,,,,1,2,15,18,28,32
100054,2011/7/8,,,,16,18,35,37,43,47
100055,2011/7/12,,,,8,24,31,35,37,41
100056,2011/7/15,,,,17,23,27,30,43,49
100057,2011/7/19,,,,2,17,20,37,47,49
100058,2011/7/22,,,,4,5,6,8,22,38
100059,2011/7/26,,,,2,8,13,29,35,36
100060,2011/7/29,,,,6,19,28,37,38,46
100061,2011/8/2,,,,17,24,27,28,42,45
100062,2011/8/5,,,,3,20,24,25,28,49
100063,2011/8/9,,,,25,27,33,38,40,49
100064,2011/8/12,,,,2,12,14,22,40,45
100065,2011/8/16,,,,26,30,37,38,42,43
100066,2011/8/19,,,,13,18,30,32,41,48
100067,2011/8/23,,,,5,23,29,32,36,42
100068,2011/8/26,,,,10,31,32,33,43,45
100069,2011/8/30,,,,10,12,26,36,37,48
100070,2011/9/2,,,,2,5,22,24,30,35
100071,2011/9/6,,,,2,9,23,29,38,41
100072,2011/9/9,,,,1,8,12,15,36,47
100073,2011/9/13,,,,2,8,11,38,41,48
100074,2011/9/16,,,,15,23,28,30,36,48
100075,2011/9/20,,,,2,25,27,28,34,37
100076,2011/9/23,,,,14,16,23,27,28,44
100077,2011/9/27,,,,3,9,23,26,31,42
100078,2011/9/30,,,,10,11,24,34,44,48
100079,2011/10/4,,,,2,8,15,26,29,49
100080,2011/10/7,,,,1,6,13,16,30,33
100081,2011/10/11,,,,2,6,18,33,34,43
100082,2011/10/14,,,,7,8,21,23,26,39
100083,2011/10/18,,,,4,8,19,32,44,46
100084,2011/10/21,,,,20,33,34,35,41,43
100085,2011/10/25,,,,2,5,24,28,33,44
100086,2011/10/28,,,,5,15,24,27,33,36
100087,2011/11/1,,,,4,7,13,14,21,29
100088,2011/11/4,,,,2,7,8,14,21,38
100089,2011/11/8,,,,2,11,22,35,39,40
100090,2011/11/11,,,,4,19,20,29,32,36
100091,2011/11/15,,,,12,19,21,35,42,46
100092,2011/11/18,,,,10,11,12,15,16,45
100093,2011/11/22,,,,16,21,37,40,41,46
100094,2011/11/25,,,,8,10,27,30,36,43
100095,2011/11/29,,,,1,7,11,14,35,36
100096,2011/12/2,,,,23,27,31,37,39,45
100097,2011/12/6,,,,3,13,14,18,22,38
100098,2011/12/9,,,,10,37,38,39,40,45
100099,2011/12/13,,,,2,23,30,36,44,48
100100,2011/12/16,,,,10,31,35,36,41,44
100101,2011/12/20,,,,5,7,9,26,27,34
100102,2011/12/23,,,,6,17,27,31,40,48
100103,2011/12/27,,,,1,8,23,24,30,32
100104,2011/12/30,,,,12,13,15,28,30,37
101001,2012/1/3,,,,9,19,26,34,38,40
101002,2012/1/6,,,,10,14,23,35,41,46
101003,2012/1/10,,,,3,21,23,27,45,47
101004,2012/1/13,,,,22,36,42,43,46,48
101005,2012/1/17,,,,4,10,22,35,42,46
101006,2012/1/20,,,,10,12,22,30,39,44
101007,2012/1/24,,,,8,21,29,38,44,45
101008,2012/1/27,,,,3,20,21,22,34,40
101009,2012/1/31,,,,1,11,14,15,19,33
101010,2012/2/3,,,,5,8,20,32,34,35
101011,2012/2/7,,,,7,22,27,33,39,41
101012,2012/2/10,,,,5,16,19,29,41,43
101013,2012/2/14,,,,2,11,19,21,33,45
101014,2012/2/17,,,,14,15,26,30,38,44
101015,2012/2/21,,,,2,21,32,39,42,46
101016,2012/2/24,,,,2,6,13,15,17,43
101017,2012/2/28,,,,2,30,32,36,43,47
101018,2012/3/2,,,,2,6,15,21,31,45
101019,2012/3/6,,,,2,5,17,20,25,48
101020,2012/3/9,,,,10,21,41,44,45,48
101021,2012/3/13,,,,6,24,46,47,48,49
101022,2012/3/16,,,,26,27,28,30,31,43
101023,2012/3/20,,,,4,5,7,13,26,46
101024,2012/3/23,,,,22,31,36,37,43,44
101025,2012/3/27,,,,16,18,23,27,28,29
101026,2012/3/30,,,,1,20,21,28,36,38
101027,2012/4/3,,,,8,22,23,39,44,47
101028,2012/4/6,,,,4,5,14,36,37,40
101029,2012/4/10,,,,6,19,27,31,33,42
101030,2012/4/13,,,,1,4,9,20,25,35
101031,2012/4/17,,,,19,23,25,26,31,43
101032,2012/4/20,,,,2,3,25,44,45,48
101033,2012/4/24,,,,9,14,19,21,39,47
101034,2012/4/27,,,,13,22,24,35,40,45
101035,2012/5/1,,,,5,7,21,22,31,43
101036,2012/5/4,,,,4,11,17,23,31,39
101037,2012/5/8,,,,6,23,24,25,29,30
101038,2012/5/11,,,,10,22,29,30,33,37
101039,2012/5/15,,,,1,30,35,44,47,49
101040,2012/5/18,,,,13,23,25,31,39,46
101041,2012/5/22,,,,1,8,13,18,28,49
101042,2012/5/25,,,,1,17,22,26,33,40
101043,2012/5/29,,,,5,22,38,43,46,49
101044,2012/6/1,,,,4,18,31,34,39,44
101045,2012/6/5,,,,11,13,16,35,40,49
101046,2012/6/8,,,,1,9,24,45,46,49
101047,2012/6/12,,,,3,21,29,33,35,40
101048,2012/6/15,,,,9,15,23,38,47,49
101049,2012/6/19,,,,1,5,17,19,26,46
101050,2012/6/22,,,,6,24,28,36,38,44
101051,2012/6/26,,,,1,6,7,12,16,41
101052,2012/6/29,,,,9,11,30,36,39,45
101053,2012/7/3,,,,11,18,21,34,41,49
101054,2012/7/6,,,,4,11,18,19,27,31
101055,2012/7/10,,,,3,16,26,28,31,41
101056,2012/7/13,,,,8,15,28,35,41,46
101057,2012/7/17,,,,17,19,22,25,30,37
101058,2012/7/20,,,,11,14,22,34,41,44
101059,2012/7/24,,,,5,11,21,24,37,39
101060,2012/7/27,,,,5,7,9,22,27,34
101061,2012/7/31,,,,1,24,28,33,43,44
101062,2012/8/3,,,,13,14,18,27,29,44
101063,2012/8/7,,,,12,23,28,29,43,47
101064,2012/8/10,,,,1,3,14,24,26,45
101065,2012/8/14,,,,2,19,27,31,38,49
101066,2012/8/17,,,,7,38,39,43,47,48
101067,2012/8/21,,,,6,29,40,44,46,47
101068,2012/8/24,,,,7,34,35,42,43,47
101069,2012/8/28,,,,1,3,6,30,38,41
101070,2012/8/31,,,,18,28,31,34,36,45
101071,2012/9/4,,,,10,21,32,36,40,48
101072,2012/9/7,,,,7,17,19,24,30,44
101073,2012/9/11,,,,3,4,21,30,31,48
101074,2012/9/14,,,,20,31,32,33,37,38
101075,2012/9/18,,,,12,13,18,39,44,48
101076,2012/9/21,,,,22,29,30,36,37,42
101077,2012/9/25,,,,18,19,34,35,45,49
101078,2012/9/28,,,,4,6,22,41,42,47
101079,2012/10/2,,,,1,3,7,9,28,40
101080,2012/10/5,,,,9,17,18,33,44,47
101081,2012/10/9,,,,8,15,18,30,31,41
101082,2012/10/12,,,,5,11,12,30,43,48
101083,2012/10/16,,,,2,3,28,35,44,45
101084,2012/10/19,,,,13,25,27,39,45,49
101085,2012/10/23,,,,2,7,19,20,25,46
101086,2012/10/26,,,,1,17,20,28,32,41
101087,2012/10/30,,,,10,14,20,25,36,46
101088,2012/11/2,,,,4,18,24,36,37,38
101089,2012/11/6,,,,8,13,41,42,47,48
101090,2012/11/9,,,,9,25,31,37,38,45
101091,2012/11/13,,,,2,11,14,22,25,31
101092,2012/11/16,,,,17,18,32,33,41,42
101093,2012/11/20,,,,6,20,23,24,27,34
101094,2012/11/23,,,,2,3,4,14,18,46
101095,2012/11/27,,,,5,9,13,18,19,31
101096,2012/11/30,,,,5,18,26,31,37,43
101097,2012/12/4,,,,2,23,29,30,41,43
101098,2012/12/7,,,,8,11,13,19,23,28
101099,2012/12/11,,,,5,12,14,22,38,44
101100,2012/12/14,,,,8,11,17,21,28,49
101101,2012/12/18,,,,5,7,10,15,19,44
101102,2012/12/21,,,,13,17,22,25,31,48
101103,2012/12/25,,,,12,18,25,32,41,47
101104,2012/12/28,,,,5,14,18,28,37,42
102001,2013/1/1,,,,3,4,22,32,33,49
102002,2013/1/4,,,,1,7,24,31,35,47
102003,2013/1/8,,,,5,6,14,19,27,33
102004,2013/1/11,,,,1,10,24,33,44,48
102005,2013/1/15,,,,2,8,32,34,44,46
102006,2013/1/18,,,,22,27,30,33,37,46
102007,2013/1/22,,,,2,14,23,25,31,47
102008,2013/1/25,,,,2,4,11,18,48,49
102009,2013/1/29,,,,3,7,31,32,34,43
102010,2013/2/1,,,,1,26,28,37,39,46
102011,2013/2/5,,,,8,15,19,25,30,38
102012,2013/2/8,,,,4,11,22,26,38,47
102013,2013/2/9,,,,5,11,17,22,30,34
102014,2013/2/10,,,,9,10,12,21,31,35
102015,2013/2/11,,,,6,16,40,45,46,48
102016,2013/2/12,,,,3,13,19,24,27,38
102017,2013/2/15,,,,2,8,17,30,34,40
102018,2013/2/19,,,,7,23,24,28,32,40
102019,2013/2/22,,,,7,9,17,25,28,35
102020,2013/2/26,,,,8,15,21,30,36,39
102021,2013/3/1,,,,1,26,34,35,36,37
102022,2013/3/5,,,,5,24,30,35,36,38
102023,2013/3/8,,,,12,13,16,29,44,45
102024,2013/3/12,,,,16,20,35,46,47,49
102025,2013/3/15,,,,5,13,23,37,43,44
102026,2013/3/19,,,,1,12,25,37,39,40
102027,2013/3/22,,,,5,7,13,23,24,30
102028,2013/3/26,,,,1,9,20,28,39,42
102029,2013/3/29,,,,2,3,8,15,24,46
102030,2013/4/2,,,,11,15,20,23,26,35
102031,2013/4/5,,,,4,7,13,17,21,35
102032,2013/4/9,,,,7,16,35,45,47,48
102033,2013/4/12,,,,1,3,18,22,29,32
102034,2013/4/16,,,,6,18,40,43,45,48
102035,2013/4/19,,,,3,36,37,40,42,48
102036,2013/4/23,,,,12,15,29,31,36,45
102037,2013/4/26,,,,15,17,19,30,40,47
102038,2013/4/30,,,,10,30,32,37,46,47
102039,2013/5/3,,,,1,4,8,22,32,45
102040,2013/5/7,,,,9,11,14,25,33,35
102041,2013/5/10,,,,2,17,25,32,39,43
102042,2013/5/14,,,,1,6,7,27,30,39
102043,2013/5/17,,,,5,10,16,22,23,24
102044,2013/5/21,,,,24,29,35,39,42,49
102045,2013/5/24,,,,10,27,28,31,37,41
102046,2013/5/28,,,,7,10,16,17,30,43
102047,2013/5/31,,,,3,6,10,33,39,44
102048,2013/6/4,,,,14,19,34,43,46,47
102049,2013/6/7,,,,3,14,29,33,39,48
102050,2013/6/11,,,,16,20,34,42,46,49
102051,2013/6/14,,,,4,16,22,32,35,47
102052,2013/6/18,,,,4,11,25,36,41,43
102053,2013/6/21,,,,10,29,35,39,41,44
102054,2013/6/25,,,,7,18,26,28,34,38
102055,2013/6/28,,,,22,26,31,42,44,49
102056,2013/7/2,,,,1,5,18,21,40,44
102057,2013/7/5,,,,11,14,28,39,40,45
102058,2013/7/9,,,,19,24,28,29,41,43
102059,2013/7/12,,,,15,24,29,34,47,48
102060,2013/7/16,,,,10,13,16,29,31,37
102061,2013/7/19,,,,3,5,9,15,30,49
102062,2013/7/23,,,,4,17,24,27,35,49
102063,2013/7/26,,,,8,17,21,34,39,45
102064,2013/7/30,,,,6,15,16,22,43,45
102065,2013/8/2,,,,7,27,43,44,45,46
102066,2013/8/6,,,,1,4,17,27,32,48
102067,2013/8/9,,,,3,4,12,13,24,30
102068,2013/8/13,,,,12,14,16,34,37,48
102069,2013/8/16,,,,4,17,24,27,29,40
102070,2013/8/20,,,,5,7,16,28,31,49
102071,2013/8/23,,,,5,11,12,14,31,35
102072,2013/8/27,,,,5,8,11,14,15,36
102073,2013/8/30,,,,2,21,24,27,36,46
102074,2013/9/3,,,,11,13,22,29,39,48
102075,2013/9/6,,,,6,7,14,33,36,48
102076,2013/9/10,,,,1,10,14,34,42,47
102077,2013/9/13,,,,12,16,26,27,28,45
102078,2013/9/17,,,,1,8,17,19,40,46
102079,2013/9/20,,,,6,12,19,28,39,47
102080,2013/9/24,,,,7,9,15,23,34,35
102081,2013/9/27,,,,1,12,18,19,38,46
102082,2013/10/1,,,,1,4,14,17,23,46
102083,2013/10/4,,,,7,12,18,25,28,48
102084,2013/10/8,,,,4,6,7,11,26,31
102085,2013/10/11,,,,2,10,32,37,46,49
102086,2013/10/15,,,,8,13,16,20,22,28
102087,2013/10/18,,,,9,11,17,39,40,43
102088,2013/10/22,,,,7,8,16,23,32,39
102089,2013/10/25,,,,3,8,10,11,35,36
102090,2013/10/29,,,,1,4,21,30,39,42
102091,2013/11/1,,,,6,16,26,31,36,46
102092,2013/11/5,,,,3,12,27,29,37,46
102093,2013/11/8,,,,1,3,28,30,33,39
102094,2013/11/12,,,,3,12,22,23,29,46
102095,2013/11/15,,,,2,4,18,31,36,43
102096,2013/11/19,,,,15,16,33,35,36,46
102097,2013/11/22,,,,8,9,11,24,40,47
102098,2013/11/26,,,,1,10,11,15,20,21
102099,2013/11/29,,,,2,8,13,19,30,31
102100,2013/12/3,,,,8,10,17,38,44,49
102101,2013/12/6,,,,4,6,8,10,15,36
102102,2013/12/10,,,,6,11,27,34,42,49
102103,2013/12/13,,,,10,16,26,28,41,48
102104,2013/12/17,,,,1,4,9,14,22,28
102105,2013/12/20,,,,8,9,14,17,25,45
102106,2013/12/24,,,,9,21,24,33,36,43
102107,2013/12/27,,,,2,12,16,31,39,43
102108,2013/12/31,,,,5,27,29,36,40,42
103001,2014/1/3,,,,11,18,20,21,35,37
103002,2014/1/7,,,,1,7,21,25,35,36
103003,2014/1/10,,,,7,17,19,30,32,37
103004,2014/1/14,,,,2,11,21,41,45,49
103005,2014/1/17,,,,13,15,20,26,29,36
103006,2014/1/21,,,,12,15,22,38,43,44
103007,2014/1/24,,,,1,4,20,29,41,45
103008,2014/1/28,,,,1,2,5,7,26,30
103009,2014/1/30,,,,9,22,44,45,48,49
103010,2014/1/31,,,,17,23,27,38,48,49
103011,2014/2/1,,,,6,9,13,19,36,37
103012,2014/2/2,,,,3,13,14,19,24,45
103013,2014/2/3,,,,1,2,16,17,27,30
103014,2014/2/4,,,,8,12,19,32,42,46
103015,2014/2/7,,,,5,11,12,21,22,28
103016,2014/2/11,,,,6,15,21,22,31,44
103017,2014/2/14,,,,10,19,20,24,33,48
103018,2014/2/18,,,,6,19,20,26,32,47
103019,2014/2/21,,,,11,12,23,28,40,48
103020,2014/2/25,,,,3,5,9,12,13,46
103021,2014/2/28,,,,13,17,18,24,28,32
103022,2014/3/4,,,,8,26,35,37,40,43
103023,2014/3/7,,,,6,18,26,30,37,38
103024,2014/3/11,,,,13,15,16,20,40,43
103025,2014/3/14,,,,2,8,27,40,41,47
103026,2014/3/18,,,,12,26,28,35,39,40
103027,2014/3/21,,,,8,18,26,31,46,47
103028,2014/3/25,,,,19,23,25,30,42,47
103029,2014/3/28,,,,9,18,23,35,36,47
103030,2014/4/1,,,,18,22,29,30,46,47
103031,2014/4/4,,,,8,24,35,37,41,47
103032,2014/4/8,,,,1,14,17,27,28,45
103033,2014/4/11,,,,1,3,4,9,12,17
103034,2014/4/15,,,,5,8,24,26,35,44
103035,2014/4/18,,,,8,9,15,40,44,48
103036,2014/4/22,,,,11,12,15,18,20,37
103037,2014/4/25,,,,4,24,34,35,38,46
103038,2014/4/29,,,,2,9,27,30,44,46
103039,2014/5/2,,,,1,7,23,25,37,40
103040,2014/5/6,,,,10,25,35,39,40,46
103041,2014/5/9,,,,1,11,13,21,27,37
103042,2014/5/13,,,,15,20,29,31,32,44
103043,2014/5/16,,,,14,31,38,41,42,45
103044,2014/5/20,,,,6,13,30,33,34,35
103045,2014/5/23,,,,11,17,22,27,30,46
103046,2014/5/27,,,,10,19,23,26,32,39
103047,2014/5/30,,,,9,17,21,24,30,35
103048,2014/6/3,,,,16,31,32,33,35,44
103049,2014/6/6,,,,25,29,40,41,47,49
103050,2014/6/10,,,,3,11,28,32,33,35
103051,2014/6/13,,,,4,21,28,32,37,42
103052,2014/6/17,,,,3,6,18,20,25,48
103053,2014/6/20,,,,12,14,16,33,36,47
103054,2014/6/24,,,,1,8,12,14,40,41
103055,2014/6/27,,,,13,21,27,34,35,36
103056,2014/7/1,,,,6,7,8,9,21,48
103057,2014/7/4,,,,3,14,17,24,27,48
103058,2014/7/8,,,,10,22,25,33,39,47
103059,2014/7/11,,,,1,7,14,15,18,30
103060,2014/7/15,,,,7,18,23,32,34,48
103061,2014/7/18,,,,1,2,15,19,21,30
103062,2014/7/22,,,,3,9,13,17,28,42
103063,2014/7/25,,,,5,21,30,32,35,45
103064,2014/7/29,,,,31,32,34,36,44,47
103065,2014/8/1,,,,5,8,21,23,32,45
103066,2014/8/5,,,,4,11,26,33,40,42
103067,2014/8/8,,,,26,31,32,38,42,45
103068,2014/8/12,,,,4,6,10,12,34,45
103069,2014/8/15,,,,18,23,29,46,47,48
103070,2014/8/19,,,,6,7,9,12,14,19
103071,2014/8/22,,,,8,16,23,30,31,43
103072,2014/8/26,,,,1,17,19,23,32,43
103073,2014/8/29,,,,9,10,21,23,38,39
103074,2014/9/2,,,,7,8,36,39,42,43
103075,2014/9/5,,,,10,16,25,27,32,36
103076,2014/9/9,,,,21,23,29,41,42,49
103077,2014/9/12,,,,2,23,27,31,36,49
103078,2014/9/16,,,,7,12,16,18,19,41
103079,2014/9/19,,,,2,6,17,29,32,39
103080,2014/9/23,,,,2,11,20,28,32,38
103081,2014/9/26,,,,8,15,19,22,29,37
103082,2014/9/30,,,,18,35,36,41,47,49
103083,2014/10/3,,,,10,14,19,24,35,37
103084,2014/10/7,,,,17,18,40,41,45,47
103085,2014/10/10,,,,1,11,19,24,26,28
103086,2014/10/14,,,,9,10,14,20,36,47
103087,2014/10/17,,,,2,11,20,32,33,36
103088,2014/10/21,,,,14,28,31,38,42,44
103089,2014/10/24,,,,1,17,20,36,37,45
103090,2014/10/28,,,,5,16,25,32,37,44
103091,2014/10/31,,,,2,8,10,14,27,49
103092,2014/11/4,,,,3,20,30,35,38,41
103093,2014/11/7,,,,11,19,25,27,40,49
103094,2014/11/11,,,,5,11,18,23,36,43
103095,2014/11/14,,,,15,16,29,34,41,44
103096,2014/11/18,,,,11,12,20,26,28,43
103097,2014/11/21,,,,2,3,22,26,32,34
103098,2014/11/25,,,,1,15,16,32,44,48
103099,2014/11/28,,,,1,10,21,35,40,44
103100,2014/12/2,,,,9,11,13,23,26,42
103101,2014/12/5,,,,11,18,30,34,37,47
103102,2014/12/9,,,,7,9,23,33,41,43
103103,2014/12/12,,,,7,8,24,29,32,48
103104,2014/12/16,,,,17,28,32,34,35,45
103105,2014/12/19,,,,1,9,24,32,41,49
103106,2014/12/23,,,,3,27,30,31,32,39
103107,2014/12/26,,,,9,27,32,42,45,49
103108,2014/12/30,,,,7,30,32,44,48,49
104001,2015/1/2,,,,13,22,23,29,31,48
104002,2015/1/6,,,,11,16,29,30,37,43
104003,2015/1/9,,,,7,8,18,21,23,24
104004,2015/1/13,,,,2,14,16,22,37,46
104005,2015/1/16,,,,2,17,28,32,38,46
104006,2015/1/20,,,,9,24,28,35,45,47
104007,2015/1/23,,,,8,16,20,38,39,42
104008,2015/1/27,,,,4,9,15,21,27,45
104009,2015/1/30,,,,3,14,24,35,39,44
104010,2015/2/3,,,,5,13,15,16,18,30
104011,2015/2/6,,,,5,11,29,36,42,46
104012,2015/2/10,,,,14,15,26,29,35,44
104013,2015/2/13,,,,1,9,15,25,29,35
104014,2015/2/17,,,,3,11,15,23,40,46
104015,2015/2/18,,,,3,6,15,16,27,31
104016,2015/2/19,,,,7,25,27,31,40,49
104017,2015/2/20,,,,5,9,10,28,29,45
104018,2015/2/21,,,,2,5,11,17,27,40
104019,2015/2/22,,,,3,6,12,34,37,43
104020,2015/2/23,,,,14,20,21,32,38,43
104021,2015/2/24,,,,3,28,39,41,46,48
104022,2015/2/27,,,,2,6,27,34,38,43
104023,2015/3/3,,,,4,6,11,41,43,46
104024,2015/3/6,,,,6,21,22,35,37,44
104025,2015/3/10,,,,3,11,25,34,46,47
104026,2015/3/13,,,,6,9,14,16,22,33
104027,2015/3/17,,,,5,32,36,40,42,49
104028,2015/3/20,,,,4,7,9,13,29,46
104029,2015/3/24,,,,3,4,6,9,17,24
104030,2015/3/27,,,,12,13,15,18,24,36
104031,2015/3/31,,,,2,4,13,25,32,43
104032,2015/4/3,,,,13,32,36,40,42,43
104033,2015/4/7,,,,11,17,19,33,45,47
104034,2015/4/10,,,,10,11,17,20,42,44
104035,2015/4/14,,,,1,22,23,38,48,49
104036,2015/4/17,,,,26,32,33,36,45,47
104037,2015/4/21,,,,1,3,11,22,29,33
104038,2015/4/24,,,,13,25,31,35,41,46
104039,2015/4/28,,,,3,5,12,26,36,44
104040,2015/5/1,,,,8,15,25,29,47,49
104041,2015/5/5,,,,8,28,41,42,44,49
104042,2015/5/8,,,,2,10,15,28,44,49
104043,2015/5/12,,,,1,13,23,29,31,33
104044,2015/5/15,,,,3,6,18,27,29,32
104045,2015/5/19,,,,15,16,29,39,42,46
104046,2015/5/22,,,,3,21,23,28,37,43
104047,2015/5/26,,,,2,10,11,20,26,45
104048,2015/5/29,,,,2,5,11,28,32,34
104049,2015/6/2,,,,1,7,19,20,46,47
104050,2015/6/5,,,,8,21,32,35,41,48
104051,2015/6/9,,,,3,20,27,34,37,44
104052,2015/6/12,,,,8,19,22,24,26,28
104053,2015/6/16,,,,3,4,25,35,41,45
104054,2015/6/19,,,,3,5,11,18,25,38
104055,2015/6/23,,,,2,13,33,35,43,45
104056,2015/6/26,,,,5,6,12,28,29,41
104057,2015/6/30,,,,18,19,32,35,46,48
104058,2015/7/3,,,,21,23,28,29,41,46
104059,2015/7/7,,,,1,14,27,33,42,46
104060,2015/7/10,,,,5,6,13,26,29,47
104061,2015/7/14,,,,10,12,14,19,30,45
104062,2015/7/17,,,,4,7,20,27,33,40
104063,2015/7/21,,,,8,9,16,39,40,44
104064,2015/7/24,,,,10,12,25,33,39,42
104065,2015/7/28,,,,6,15,27,32,44,49
104066,2015/7/31,,,,13,16,18,30,32,40
104067,2015/8/4,,,,3,12,17,19,38,48
104068,2015/8/7,,,,25,26,27,28,36,37
104069,2015/8/11,,,,1,2,35,43,45,46
104070,2015/8/14,,,,5,13,14,23,24,42
104071,2015/8/18,,,,8,20,29,30,42,49
104072,2015/8/21,,,,10,15,20,21,27,36
104073,2015/8/25,,,,13,15,22,26,45,47
104074,2015/8/28,,,,8,11,12,15,40,46
104075,2015/9/1,,,,9,18,19,20,40,48
104076,2015/9/4,,,,19,20,44,46,47,49
104077,2015/9/8,,,,8,28,31,32,36,43
104078,2015/9/11,,,,5,10,18,29,41,44
104079,2015/9/15,,,,2,13,30,31,34,44
104080,2015/9/18,,,,6,16,17,36,37,41
104081,2015/9/22,,,,6,10,39,44,46,47
104082,2015/9/25,,,,9,13,21,25,38,39
104083,2015/9/29,,,,1,3,25,31,35,44
104084,2015/10/2,,,,11,15,36,41,44,45
104085,2015/10/6,,,,3,8,10,28,38,47
104086,2015/10/9,,,,2,8,22,27,35,43
104087,2015/10/13,,,,24,29,31,32,44,49
104088,2015/10/16,,,,20,25,29,31,40,44
104089,2015/10/20,,,,12,17,32,37,38,39
104090,2015/10/23,,,,1,16,41,43,46,47
104091,2015/10/27,,,,7,8,10,17,34,36
104092,2015/10/30,,,,3,6,8,15,20,30
104093,2015/11/3,,,,8,16,22,28,45,48
104094,2015/11/6,,,,8,24,27,30,45,49
104095,2015/11/10,,,,7,10,11,27,28,45
104096,2015/11/13,,,,1,11,16,18,31,33
104097,2015/11/17,,,,2,7,26,31,44,47
104098,2015/11/20,,,,4,9,10,39,40,42
104099,2015/11/24,,,,1,9,13,28,29,48
104100,2015/11/27,,,,4,5,23,25,40,41
104101,2015/12/1,,,,6,13,15,19,37,41
104102,2015/12/4,,,,16,21,34,37,41,47
104103,2015/12/8,,,,8,15,32,36,40,43
104104,2015/12/11,,,,1,4,25,29,42,43
104105,2015/12/15,,,,4,11,18,22,23,31
104106,2015/12/18,,,,5,6,11,15,18,25
104107,2015/12/22,,,,8,12,13,29,37,49
104108,2015/12/25,,,,3,7,11,12,16,30
104109,2015/12/29,,,,1,8,13,30,32,42
105001,2016/1/1,,,,16,19,24,29,41,43
105002,2016/1/5,,,,1,3,7,15,25,33
105003,2016/1/8,,,,3,10,13,28,44,48
105004,2016/1/12,,,,5,15,18,39,40,44
105005,2016/1/15,,,,6,11,16,17,27,42
105006,2016/1/19,,,,4,9,14,23,44,46
105007,2016/1/22,,,,10,15,17,20,43,46
105008,2016/1/26,,,,11,13,17,35,39,46
105009,2016/1/29,,,,16,35,38,44,45,48
105010,2016/2/2,,,,15,21,23,26,43,48
105011,2016/2/5,,,,4,5,26,30,38,41
105012,2016/2/7,,,,4,11,21,25,35,37
105013,2016/2/8,,,,8,12,13,16,27,32
105014,2016/2/9,,,,9,24,25,31,37,45
105015,2016/2/10,,,,18,19,22,32,44,47
105016,2016/2/11,,,,3,13,29,30,34,48
105017,2016/2/12,,,,6,10,11,22,32,45
105018,2016/2/13,,,,4,6,18,29,35,48
105019,2016/2/14,,,,1,3,16,20,21,26
105020,2016/2/16,,,,11,23,29,33,34,40
105021,2016/2/19,,,,11,20,23,30,39,44
105022,2016/2/23,,,,10,14,19,20,43,45
105023,2016/2/26,,,,3,9,17,21,41,46
105024,2016/3/1,,,,7,14,17,22,23,34
105025,2016/3/4,,,,5,7,12,17,22,29
105026,2016/3/8,,,,3,27,30,35,39,41
105027,2016/3/11,,,,9,16,30,34,36,49
105028,2016/3/15,,,,6,14,30,42,47,48
105029,2016/3/18,,,,1,3,4,18,25,47
105030,2016/3/22,,,,7,11,16,20,30,33
105031,2016/3/25,,,,7,11,22,37,40,41
105032,2016/3/29,,,,1,17,18,34,46,47
105033,2016/4/1,,,,8,12,16,29,37,39
105034,2016/4/5,,,,14,23,26,32,38,43
105035,2016/4/8,,,,2,7,13,30,36,45
105036,2016/4/12,,,,11,14,19,39,45,49
105037,2016/4/15,,,,9,13,17,28,45,47
105038,2016/4/19,,,,12,21,39,41,46,47
105039,2016/4/22,,,,12,19,23,33,46,48
105040,2016/4/26,,,,6,12,21,25,34,43
105041,2016/4/29,,,,8,14,27,31,36,40
105042,2016/5/3,,,,1,7,17,40,41,43
105043,2016/5/6,,,,1,26,37,39,42,48
105044,2016/5/10,,,,3,4,8,22,36,38
105045,2016/5/13,,,,3,10,22,31,35,38
105046,2016/5/17,,,,2,3,20,23,34,42
105047,2016/5/20,,,,5,10,25,30,40,43
105048,2016/5/24,,,,6,8,13,21,33,39
105049,2016/5/27,,,,2,9,13,16,24,39
105050,2016/5/31,,,,1,2,5,32,45,46
105051,2016/6/3,,,,3,10,27,33,41,44
105052,2016/6/7,,,,5,8,23,31,39,44
105053,2016/6/10,,,,4,13,15,22,23,48
105054,2016/6/14,,,,12,13,16,33,35,37
105055,2016/6/17,,,,7,10,17,20,21,31
105056,2016/6/21,,,,2,27,34,35,36,49
105057,2016/6/24,,,,14,17,27,28,39,41
105058,2016/6/28,,,,7,8,25,39,45,46
105059,2016/7/1,,,,8,20,24,34,41,43
105060,2016/7/5,,,,6,9,15,17,40,47
105061,2016/7/8,,,,9,10,13,19,23,35
105062,2016/7/12,,,,25,31,34,42,43,46
105063,2016/7/15,,,,24,25,29,33,35,38
105064,2016/7/19,,,,7,13,33,40,45,46
105065,2016/7/22,,,,2,10,17,27,33,49
105066,2016/7/26,,,,9,15,19,22,35,41
105067,2016/7/29,,,,9,15,27,28,30,41
105068,2016/8/2,,,,4,15,20,22,28,29
105069,2016/8/5,,,,1,2,22,27,35,40
105070,2016/8/9,,,,15,17,30,35,37,45
105071,2016/8/12,,,,8,20,33,35,42,43
105072,2016/8/16,,,,5,14,15,20,27,29
105073,2016/8/19,,,,5,19,26,44,46,48
105074,2016/8/23,,,,25,26,37,38,44,48
105075,2016/8/26,,,,9,28,34,41,42,49
105076,2016/8/30,,,,1,11,18,27,36,46
105077,2016/9/2,,,,9,11,20,21,45,46
105078,2016/9/6,,,,4,7,20,23,28,45
105079,2016/9/9,,,,1,12,35,36,41,44
105080,2016/9/13,,,,3,16,22,33,40,41
105081,2016/9/16,,,,17,23,30,31,34,49
105082,2016/9/20,,,,4,7,17,22,44,45
105083,2016/9/23,,,,1,2,29,31,33,43
105084,2016/9/27,,,,14,15,16,35,46,48
105085,2016/9/30,,,,4,10,31,38,40,48
105086,2016/10/4,,,,11,23,30,35,40,44
105087,2016/10/7,,,,10,16,30,33,37,42
105088,2016/10/11,,,,2,8,13,14,37,39
105089,2016/10/14,,,,10,23,29,30,44,47
105090,2016/10/18,,,,14,15,16,24,44,47
105091,2016/10/21,,,,2,8,21,32,33,37
105092,2016/10/25,,,,5,15,25,27,33,34
105093,2016/10/28,,,,1,10,13,33,37,38
105094,2016/11/1,,,,10,11,15,20,31,49
105095,2016/11/4,,,,2,3,17,28,38,49
105096,2016/11/8,,,,3,6,11,17,22,49
105097,2016/11/11,,,,2,7,8,22,28,32
105098,2016/11/15,,,,7,8,25,33,41,43
105099,2016/11/18,,,,6,18,24,25,26,34
105100,2016/11/22,,,,1,21,24,25,34,44
105101,2016/11/25,,,,1,3,22,28,37,42
105102,2016/11/29,,,,3,21,26,28,38,40
105103,2016/12/2,,,,5,25,26,34,40,49
105104,2016/12/6,,,,27,30,32,41,44,46
105105,2016/12/9,,,,12,28,38,42,44,49
105106,2016/12/13,,,,19,29,33,36,39,49
105107,2016/12/16,,,,11,19,25,34,36,42
105108,2016/12/20,,,,1,29,35,36,44,46
105109,2016/12/23,,,,8,23,28,38,41,42
105110,2016/12/27,,,,10,25,26,29,31,40
105111,2016/12/30,,,,6,7,35,37,38,47
106001,2017/1/3,,,,18,22,41,42,47,49
106002,2017/1/6,,,,12,14,32,35,40,43
106003,2017/1/10,,,,4,13,14,37,39,46
106004,2017/1/13,,,,14,19,21,25,27,38
106005,2017/1/17,,,,4,12,17,28,34,40
106006,2017/1/20,,,,1,5,16,18,31,41
106007,2017/1/24,,,,1,9,17,31,33,48
106008,2017/1/27,,,,1,5,7,31,35,49
106009,2017/1/28,,,,1,19,20,25,30,32
106010,2017/1/29,,,,3,8,9,12,14,22
106011,2017/1/30,,,,10,19,26,29,43,45
106012,2017/1/31,,,,4,11,16,28,33,46
106013,2017/2/1,,,,4,9,11,32,43,47
106014,2017/2/3,,,,2,11,25,29,30,33
106015,2017/2/7,,,,6,18,19,23,32,49
106016,2017/2/10,,,,7,11,12,15,24,26
106017,2017/2/14,,,,10,11,21,23,28,37
106018,2017/2/17,,,,6,16,21,23,46,49
106019,2017/2/21,,,,8,10,15,32,39,48
106020,2017/2/24,,,,12,16,35,38,41,47
106021,2017/2/28,,,,6,14,15,19,30,43
106022,2017/3/3,,,,2,16,20,37,43,48
106023,2017/3/7,,,,6,12,22,31,41,44
106024,2017/3/10,,,,11,12,21,35,41,48
106025,2017/3/14,,,,15,17,20,32,33,39
106026,2017/3/17,,,,4,17,25,36,40,44
106027,2017/3/21,,,,8,16,27,32,43,44
106028,2017/3/24,,,,24,36,39,41,45,49
106029,2017/3/28,,,,21,22,32,37,42,44
106030,2017/3/31,,,,17,18,22,24,25,38
106031,2017/4/4,,,,5,17,33,34,43,44
106032,2017/4/7,,,,19,23,31,32,37,49
106033,2017/4/11,,,,9,22,31,36,40,47
106034,2017/4/14,,,,2,3,4,23,29,42
106035,2017/4/18,,,,14,21,25,35,36,39
106036,2017/4/21,,,,5,15,22,23,28,39
106037,2017/4/25,,,,16,17,30,32,35,41
106038,2017/4/28,,,,1,3,19,31,32,42
106039,2017/5/2,,,,14,23,24,27,36,39
106040,2017/5/5,,,,1,9,18,19,34,49
106041,2017/5/9,,,,16,17,20,21,32,40
106042,2017/5/12,,,,2,9,18,22,25,35
106043,2017/5/16,,,,5,6,7,14,29,46
106044,2017/5/19,,,,15,16,21,23,28,46
106045,2017/5/23,,,,2,10,15,22,26,32
106046,2017/5/26,,,,8,14,16,19,21,35
106047,2017/5/30,,,,7,14,19,30,31,39
106048,2017/6/2,,,,3,7,8,23,30,31
106049,2017/6/6,,,,14,16,25,32,36,48
106050,2017/6/9,,,,24,26,31,32,37,46
106051,2017/6/13,,,,2,4,17,22,36,43
106052,2017/6/16,,,,1,15,21,26,36,45
106053,2017/6/20,,,,1,12,29,30,33,44
106054,2017/6/23,,,,2,8,12,34,41,42
106055,2017/6/27,,,,11,33,34,46,47,49
106056,2017/6/30,,,,8,12,22,30,32,36
106057,2017/7/4,,,,4,21,27,28,30,35
106058,2017/7/7,,,,18,30,40,42,44,49
106059,2017/7/11,,,,6,16,19,23,33,39
106060,2017/7/14,,,,16,18,19,25,26,32
106061,2017/7/18,,,,13,14,21,29,42,48
106062,2017/7/21,,,,2,12,24,32,42,47
106063,2017/7/25,,,,2,11,23,30,33,42
106064,2017/7/28,,,,11,13,18,22,38,39
106065,2017/8/1,,,,2,12,21,30,42,47
106066,2017/8/4,,,,15,16,26,27,39,45
106067,2017/8/8,,,,6,9,23,27,34,46
106068,2017/8/11,,,,2,8,9,18,27,37
106069,2017/8/15,,,,13,16,27,28,33,42
106070,2017/8/18,,,,7,10,12,35,38,47
106071,2017/8/22,,,,4,10,13,36,44,45
106072,2017/8/25,,,,1,4,19,24,28,31
106073,2017/8/29,,,,5,18,25,31,48,49
106074,2017/9/1,,,,5,11,14,16,36,40
106075,2017/9/5,,,,13,17,23,27,33,41
106076,2017/9/8,,,,8,13,15,19,29,42
106077,2017/9/12,,,,7,23,29,36,45,49
106078,2017/9/15,,,,3,8,11,16,33,37
106079,2017/9/19,,,,2,12,15,18,37,40
106080,2017/9/22,,,,18,35,39,43,47,49
106081,2017/9/26,,,,10,11,14,19,22,38
106082,2017/9/29,,,,3,14,16,21,33,36
106083,2017/10/3,,,,15,18,25,30,33,44
106084,2017/10/6,,,,4,28,32,37,41,45
106085,2017/10/10,,,,6,28,29,30,31,39
106086,2017/10/13,,,,5,8,23,34,44,46
106087,2017/10/17,,,,1,3,6,11,19,27
106088,2017/10/20,,,,3,8,18,19,26,42
106089,2017/10/24,,,,2,3,5,14,16,29
106090,2017/10/27,,,,2,11,17,22,38,40
106091,2017/10/31,,,,4,25,31,36,39,46
106092,2017/11/3,,,,8,20,23,33,36,43
106093,2017/11/7,,,,5,6,12,22,30,48
106094,2017/11/10,,,,10,15,24,26,29,35
106095,2017/11/14,,,,5,15,24,25,44,47
106096,2017/11/17,,,,2,14,19,28,39,46
106097,2017/11/21,,,,4,23,25,28,39,43
106098,2017/11/24,,,,4,8,10,14,41,45
106099,2017/11/28,,,,9,14,17,19,46,47
106100,2017/12/1,,,,2,3,5,28,42,48
106101,2017/12/5,,,,1,12,13,37,41,43
106102,2017/12/8,,,,1,5,8,10,34,35
106103,2017/12/12,,,,16,19,28,37,38,41
106104,2017/12/15,,,,17,19,24,27,31,37
106105,2017/12/19,,,,3,14,18,31,41,42
106106,2017/12/22,,,,12,18,20,21,31,37
106107,2017/12/26,,,,7,8,10,20,24,27
106108,2017/12/29,,,,11,12,15,20,27,47
107001,2018/1/2,,,,2,6,12,18,36,46
107002,2018/1/5,,,,4,13,17,29,31,44
107003,2018/1/9,,,,2,10,22,23,24,37
107004,2018/1/12,,,,1,7,14,22,40,45
107005,2018/1/16,,,,8,26,29,32,36,39
107006,2018/1/19,,,,2,13,16,22,26,48
107007,2018/1/23,,,,2,12,26,28,33,34
107008,2018/1/26,,,,7,23,32,34,43,47
107009,2018/1/30,,,,7,8,15,23,31,36
107010,2018/2/2,,,,1,2,10,11,26,43
107011,2018/2/6,,,,6,10,24,27,41,43
107012,2018/2/9,,,,12,17,20,21,30,45
107013,2018/2/13,,,,4,10,19,26,35,45
107014,2018/2/15,,,,7,21,22,37,41,48
107015,2018/2/16,,,,4,7,23,24,27,41
107016,2018/2/17,,,,3,5,17,32,33,47
107017,2018/2/18,,,,7,8,20,28,34,46
107018,2018/2/19,,,,7,9,19,22,36,49
107019,2018/2/20,,,,12,33,34,38,40,46
107020,2018/2/23,,,,3,7,15,16,18,41
107021,2018/2/27,,,,1,3,18,23,28,44
107022,2018/3/2,,,,1,12,17,25,31,48
107023,2018/3/6,,,,9,11,13,17,38,42
107024,2018/3/9,,,,12,15,18,27,30,38
107025,2018/3/13,,,,14,20,22,27,28,38
107026,2018/3/16,,,,3,14,16,17,43,46
107027,2018/3/20,,,,8,9,23,30,37,41
107028,2018/3/23,,,,4,9,13,32,34,41
107029,2018/3/27,,,,13,15,24,30,38,40
107030,2018/3/30,,,,1,5,13,43,44,47
107031,2018/4/3,,,,1,7,22,32,34,36
107032,2018/4/6,,,,7,25,31,34,47,49
107033,2018/4/10,,,,7,27,32,34,41,47
107034,2018/4/13,,,,1,12,25,28,40,46
107035,2018/4/17,,,,7,16,31,38,40,41
107036,2018/4/20,,,,10,14,32,33,35,46
107037,2018/4/24,,,,9,10,19,21,35,36
107038,2018/4/27,,,,4,25,26,27,30,48
107039,2018/5/1,,,,8,29,33,34,46,49
107040,2018/5/4,,,,10,22,30,33,36,47
107041,2018/5/8,,,,3,8,21,22,37,41
107042,2018/5/11,,,,4,11,25,35,37,48
107043,2018/5/15,,,,2,12,13,16,32,43
107044,2018/5/18,,,,1,11,36,38,41,42
107045,2018/5/22,,,,2,13,24,29,41,49
107046,2018/5/25,,,,1,6,22,24,32,42
107047,2018/5/29,,,,11,14,20,26,37,41
107048,2018/6/1,,,,16,26,28,33,42,49
107049,2018/6/5,,,,2,17,22,25,26,41
107050,2018/6/8,,,,2,9,17,31,32,40
107051,2018/6/12,,,,2,3,14,15,35,37
107052,2018/6/15,,,,16,25,28,30,44,46
107053,2018/6/19,,,,8,9,28,34,37,42
107054,2018/6/22,,,,6,7,11,25,26,30
107055,2018/6/26,,,,5,9,11,23,37,44
107056,2018/6/29,,,,4,13,27,30,37,41
107057,2018/7/3,,,,9,11,20,31,34,44
107058,2018/7/6,,,,2,3,21,28,32,47
107059,2018/7/10,,,,9,11,21,24,39,43
107060,2018/7/13,,,,2,14,21,31,42,46
107061,2018/7/17,,,,11,20,26,34,41,43
107062,2018/7/20,,,,9,12,13,24,39,45
107063,2018/7/24,,,,24,25,29,32,42,49
107064,2018/7/27,,,,5,12,17,19,35,48
107065,2018/7/31,,,,15,20,22,31,35,37
107066,2018/8/3,,,,4,6,30,35,40,43
107067,2018/8/7,,,,12,13,19,25,30,46
107068,2018/8/10,,,,5,7,16,18,36,48
107069,2018/8/14,,,,15,16,17,25,34,49
107070,2018/8/17,,,,3,14,19,21,35,48
107071,2018/8/21,,,,8,12,17,28,31,34
107072,2018/8/24,,,,3,7,9,31,39,45
107073,2018/8/28,,,,8,10,11,39,42,44
107074,2018/8/31,,,,12,15,34,37,43,46
107075,2018/9/4,,,,4,6,10,15,42,49
107076,2018/9/7,,,,2,8,14,21,37,44
107077,2018/9/11,,,,14,16,18,23,25,44
107078,2018/9/14,,,,19,29,36,37,45,46
107079,2018/9/18,,,,11,23,34,36,41,45
107080,2018/9/21,,,,3,5,10,11,29,45
107081,2018/9/25,,,,19,25,27,39,40,46
107082,2018/9/28,,,,1,2,7,20,27,37
107083,2018/10/2,,,,2,8,16,33,42,47
107084,2018/10/5,,,,3,9,10,42,44,47
107085,2018/10/9,,,,8,13,16,23,35,41
107086,2018/10/12,,,,4,6,7,12,20,21
107087,2018/10/16,,,,1,24,39,40,46,49
107088,2018/10/19,,,,7,18,20,32,42,49
107089,2018/10/23,,,,6,9,13,20,42,43
107090,2018/10/26,,,,8,10,23,33,41,46
107091,2018/10/30,,,,3,9,28,32,39,47
107092,2018/11/2,,,,5,16,18,32,41,47
107093,2018/11/6,,,,2,5,26,29,38,39
107094,2018/11/9,,,,4,12,14,15,22,48
107095,2018/11/13,,,,7,21,35,36,42,43
107096,2018/11/16,,,,7,11,23,30,38,49
107097,2018/11/20,,,,4,31,34,36,40,44
107098,2018/11/23,,,,7,20,21,34,37,43
107099,2018/11/27,,,,27,33,36,41,43,44
107100,2018/11/30,,,,5,14,20,27,29,45
107101,2018/12/4,,,,3,6,12,16,17,20
107102,2018/12/7,,,,11,20,29,33,34,36
107103,2018/12/11,,,,7,12,15,21,27,47
107104,2018/12/14,,,,6,9,14,19,38,49
107105,2018/12/18,,,,5,8,11,15,33,37
107106,2018/12/21,,,,5,19,21,34,41,49
107107,2018/12/25,,,,7,26,27,28,30,32
107108,2018/12/28,,,,7,11,19,23,35,44
108001,2019/1/1,,,,18,23,24,25,39,42
108002,2019/1/4,,,,6,7,8,20,47,48
108003,2019/1/8,,,,4,19,21,28,39,43
108004,2019/1/11,,,,13,20,22,31,34,42
108005,2019/1/15,,,,12,20,30,38,40,41
108006,2019/1/18,,,,4,5,10,30,39,45
108007,2019/1/22,,,,2,20,36,37,42,46
108008,2019/1/25,,,,3,10,14,15,20,45
108009,2019/1/29,,,,14,20,24,30,44,48
108010,2019/2/1,,,,10,17,20,21,32,41
108011,2019/2/2,,,,2,7,22,35,46,49
108012,2019/2/3,,,,12,24,28,36,37,40
108013,2019/2/4,,,,6,8,24,32,34,36
108014,2019/2/5,,,,13,18,30,34,45,49
108015,2019/2/6,,,,17,23,28,29,32,39
108016,2019/2/7,,,,7,21,29,33,40,41
108017,2019/2/8,,,,8,13,14,32,36,42
108018,2019/2/9,,,,6,8,18,19,20,30
108019,2019/2/10,,,,5,8,14,19,22,47
108020,2019/2/12,,,,11,16,19,29,30,45
108021,2019/2/15,,,,1,3,40,44,46,48
108022,2019/2/19,,,,1,3,4,24,32,43
108023,2019/2/22,,,,6,20,22,43,45,48
108024,2019/2/26,,,,6,17,22,34,38,42
108025,2019/3/1,,,,1,8,14,27,40,45
108026,2019/3/5,,,,12,13,16,21,42,43
108027,2019/3/8,,,,3,11,15,25,31,48
108028,2019/3/12,,,,5,7,22,37,40,45
108029,2019/3/15,,,,5,10,12,20,28,36
108030,2019/3/19,,,,7,16,17,36,47,48
108031,2019/3/22,,,,1,12,16,37,41,47
108032,2019/3/26,,,,6,13,14,19,24,38
108033,2019/3/29,,,,1,3,12,16,29,49
108034,2019/4/2,,,,5,28,38,40,41,47
108035,2019/4/5,,,,11,28,29,38,43,49
108036,2019/4/9,,,,10,36,37,44,45,46
108037,2019/4/12,,,,12,26,32,34,45,46
108038,2019/4/16,,,,1,14,23,36,39,41
108039,2019/4/19,,,,4,11,24,29,32,45
108040,2019/4/23,,,,8,14,16,18,30,35
108041,2019/4/26,,,,8,24,29,37,44,48
108042,2019/4/30,,,,1,4,19,24,47,49
108043,2019/5/3,,,,6,7,19,31,32,40
108044,2019/5/7,,,,2,14,23,29,35,43
108045,2019/5/10,,,,11,17,27,31,33,37
108046,2019/5/14,,,,9,15,27,28,40,43
108047,2019/5/17,,,,2,7,12,21,23,45
108048,2019/5/21,,,,7,10,18,32,41,46
108049,2019/5/24,,,,12,13,19,21,29,39
108050,2019/5/28,,,,3,11,22,36,38,40
108051,2019/5/31,,,,8,15,21,31,36,46
108052,2019/6/4,,,,5,6,19,23,43,48
108053,2019/6/7,,,,18,22,26,27,30,38
108054,2019/6/11,,,,6,31,32,39,40,42
108055,2019/6/14,,,,6,10,12,22,24,37
108056,2019/6/18,,,,5,16,27,29,33,45
108057,2019/6/21,,,,7,12,26,30,31,32
108058,2019/6/25,,,,8,20,31,36,38,45
108059,2019/6/28,,,,9,13,15,26,31,33
108060,2019/7/2,,,,2,4,11,33,39,42
108061,2019/7/5,,,,11,17,32,33,38,46
108062,2019/7/9,,,,11,17,20,34,37,41
108063,2019/7/12,,,,12,14,18,19,37,47
108064,2019/7/16,,,,15,30,31,37,39,48
108065,2019/7/19,,,,12,17,26,33,35,39
108066,2019/7/23,,,,12,14,35,37,42,47
108067,2019/7/26,,,,4,11,36,40,41,48
108068,2019/7/30,,,,4,12,21,24,33,35
108069,2019/8/2,,,,5,34,42,46,48,49
108070,2019/8/6,,,,1,10,20,37,38,49
108071,2019/8/9,,,,4,13,18,26,41,48
108072,2019/8/13,,,,5,21,25,32,36,41
108073,2019/8/16,,,,7,8,31,33,41,45
108074,2019/8/20,,,,1,16,19,27,35,42
108075,2019/8/23,,,,5,17,19,21,42,43
108076,2019/8/27,,,,1,4,8,10,45,47
108077,2019/8/30,,,,6,26,35,42,44,48
108078,2019/9/3,,,,11,13,25,32,33,48
108079,2019/9/6,,,,2,14,19,20,26,43
108080,2019/9/10,,,,3,12,17,20,29,38
108081,2019/9/13,,,,2,7,15,27,37,39
108082,2019/9/17,,,,12,18,29,40,41,48
108083,2019/9/20,,,,8,17,23,24,31,34
108084,2019/9/24,,,,2,16,18,20,22,39
108085,2019/9/27,,,,10,21,25,26,35,37
108086,2019/10/1,,,,2,9,12,15,20,49
108087,2019/10/4,,,,10,21,23,33,42,48
108088,2019/10/8,,,,7,13,18,21,26,34
108089,2019/10/11,,,,7,12,17,21,30,37
108090,2019/10/15,,,,13,21,28,35,37,38
108091,2019/10/18,,,,3,23,32,36,39,40
108092,2019/10/22,,,,6,17,22,23,32,42
108093,2019/10/25,,,,3,8,14,16,26,36
108094,2019/10/29,,,,3,10,12,22,36,41
108095,2019/11/1,,,,12,15,23,33,41,42
108096,2019/11/5,,,,9,13,22,37,40,42
108097,2019/11/8,,,,1,3,9,26,40,47
108098,2019/11/12,,,,1,19,25,27,31,40
108099,2019/11/15,,,,3,6,11,16,26,44
108100,2019/11/19,,,,5,15,30,35,38,47
108101,2019/11/22,,,,3,18,23,24,26,49
108102,2019/11/26,,,,8,10,15,19,36,45
108103,2019/11/29,,,,10,21,24,30,35,45
108104,2019/12/3,,,,5,9,11,15,36,45
108105,2019/12/6,,,,16,18,22,23,24,41
108106,2019/12/10,,,,3,8,18,19,41,48
108107,2019/12/13,,,,7,12,26,31,37,49
108108,2019/12/17,,,,9,21,27,31,38,49
108109,2019/12/20,,,,16,21,22,28,32,46
108110,2019/12/24,,,,9,18,31,45,48,49
108111,2019/12/27,,,,17,18,25,32,43,45
108112,2019/12/31,,,,10,14,26,38,39,47
109001,2020/1/3,乙,巳,T12,16,18,19,29,30,47
109002,2020/1/7,己,酉,S1,1,5,8,15,16,38
109003,2020/1/10,壬,子,S4,4,7,12,17,33,38
109004,2020/1/14,丙,辰,S8,7,20,34,37,38,47
109005,2020/1/17,己,未,S11,7,9,20,42,44,45
109006,2020/1/21,癸,亥,T1,17,22,30,38,44,48
109007,2020/1/23,丙,寅,T4,13,18,23,30,44,48
109008,2020/1/24,庚,午,T8,7,13,18,21,38,44
109009,2020/1/25,癸,酉,T11,5,13,16,31,41,45
109010,2020/1/26,丁,丑,S0,3,28,29,35,41,47
109011,2020/1/27,庚,辰,S3,9,12,23,33,39,45
109012,2020/1/28,甲,申,S7,2,3,13,20,28,38
109013,2020/1/29,丁,亥,S10,1,4,9,14,15,49
109014,2020/1/30,辛,卯,S14,6,24,35,41,46,49
109015,2020/1/31,甲,午,T2,14,16,19,28,32,49
109016,2020/2/1,戊,戌,T6,2,10,12,20,26,34
109017,2020/2/2,辛,丑,T9,3,16,17,30,33,37
109018,2020/2/4,乙,巳,T13,3,23,27,28,37,48
109019,2020/2/7,戊,申,S1,5,15,19,22,30,42
109020,2020/2/11,壬,子,S5,9,22,23,37,43,46
109021,2020/2/14,乙,卯,S8,7,13,23,33,35,36
109022,2020/2/18,己,未,S12,4,13,31,35,37,42
109023,2020/2/21,壬,戌,T0,13,15,27,34,35,39
109024,2020/2/25,丙,寅,T4,1,2,8,44,47,48
109025,2020/2/28,己,巳,T7,2,9,18,27,46,48
109026,2020/3/3,癸,酉,T11,8,10,11,17,28,42
109027,2020/3/6,丙,子,T14,8,12,13,15,16,30
109028,2020/3/10,庚,辰,S3,1,4,12,25,34,37
109029,2020/3/13,癸,未,S6,14,22,32,33,34,49
109030,2020/3/17,丁,亥,S10,10,17,28,29,43,47
109031,2020/3/20,庚,寅,S13,1,8,13,43,46,48
109032,2020/3/24,甲,午,T2,10,12,16,29,41,45
109033,2020/3/27,丁,酉,T5,2,8,10,16,23,49
109034,2020/3/31,辛,丑,T9,6,21,26,34,36,49
109035,2020/4/3,甲,辰,T12,2,17,32,43,45,47
109036,2020/4/7,戊,申,S0,4,7,12,18,27,44
109037,2020/4/10,辛,亥,S3,13,33,41,47,48,49
109038,2020/4/14,乙,卯,S7,17,19,21,26,33,45
109039,2020/4/17,戊,午,S10,1,21,31,33,42,44
109040,2020/4/21,壬,戌,S14,1,2,29,33,45,47
109041,2020/4/24,乙,丑,T2,7,10,14,15,17,39
109042,2020/4/28,己,巳,T6,16,29,36,39,43,48
109043,2020/5/1,壬,申,T9,5,18,25,34,48,49
109044,2020/5/5,丙,子,T13,17,19,24,36,43,49
109045,2020/5/8,己,卯,S0,8,9,10,24,27,31
109046,2020/5/12,癸,未,S4,1,5,8,11,35,36
109047,2020/5/15,丙,戌,S7,6,11,31,40,42,45
109048,2020/5/19,庚,寅,S11,27,32,33,40,43,44
109049,2020/5/22,癸,巳,S14,3,7,10,13,39,46
109050,2020/5/26,丁,酉,T2,1,5,25,29,33,38
109051,2020/5/29,庚,子,T5,31,35,39,40,45,49
109052,2020/6/2,甲,辰,T9,1,6,22,25,33,48
109053,2020/6/5,丁,未,T12,3,5,8,24,26,49
109054,2020/6/9,辛,亥,S1,8,17,28,35,36,47
109055,2020/6/12,甲,寅,S4,1,6,28,30,33,48
109056,2020/6/16,戊,午,S8,6,13,20,23,29,46
109057,2020/6/19,辛,酉,S11,1,15,16,25,43,46
109058,2020/6/23,乙,丑,S15,1,2,16,22,27,45
109059,2020/6/26,戊,辰,T2,10,12,16,37,40,41
109060,2020/6/30,壬,申,T6,26,29,31,43,46,49
109061,2020/7/3,乙,亥,T9,13,19,20,24,40,45
109062,2020/7/7,己,卯,T13,4,17,22,34,44,46
109063,2020/7/10,壬,午,S0,4,5,22,27,46,49
109064,2020/7/14,丙,戌,S4,4,10,24,29,32,49
109065,2020/7/17,己,丑,S7,5,6,15,25,30,41
109066,2020/7/21,癸,巳,S11,3,16,25,31,33,36
109067,2020/7/24,丙,申,S14,2,20,21,24,35,37
109068,2020/7/28,庚,子,T3,8,10,22,23,29,35
109069,2020/7/31,癸,卯,T6,16,17,18,19,33,45
109070,2020/8/4,丁,未,T10,1,5,11,19,31,33
109071,2020/8/7,庚,戌,T13,6,9,19,40,44,45
109072,2020/8/11,甲,寅,S1,8,12,40,42,44,47
109073,2020/8/14,丁,巳,S4,16,20,24,25,31,33
109074,2020/8/18,辛,酉,S8,4,22,30,43,45,47
109075,2020/8/21,甲,子,S11,5,14,40,44,45,46
109076,2020/8/25,戊,辰,S15,2,23,28,35,46,48
109077,2020/8/28,辛,未,T3,13,14,19,22,23,36
109078,2020/9/1,乙,亥,T7,1,2,6,8,38,43
109079,2020/9/4,戊,寅,T10,2,9,11,13,39,43
109080,2020/9/8,壬,午,T14,1,2,9,20,26,48
109081,2020/9/11,乙,酉,S1,1,26,29,39,48,49
109082,2020/9/15,己,丑,S5,7,16,29,32,37,48
109083,2020/9/18,壬,辰,S8,3,29,30,32,43,44
109084,2020/9/22,丙,申,S12,3,4,5,8,24,29
109085,2020/9/25,己,亥,T0,10,31,35,36,39,48
109086,2020/9/29,癸,卯,T4,1,7,8,33,42,47
109087,2020/10/2,丙,午,T7,11,15,16,18,24,26
109088,2020/10/6,庚,戌,T11,4,5,22,23,34,40
109089,2020/10/9,癸,丑,T14,2,7,19,25,42,47
109090,2020/10/13,丁,巳,S3,1,3,15,27,39,41
109091,2020/10/16,庚,申,S6,7,25,28,33,44,47
109092,2020/10/20,甲,子,S10,5,17,18,28,30,39
109093,2020/10/23,丁,卯,S13,3,9,20,25,26,35
109094,2020/10/27,辛,未,T2,2,9,19,28,30,32
109095,2020/10/30,甲,戌,T5,6,10,13,19,40,45
109096,2020/11/3,戊,寅,T9,6,11,15,30,32,44
109097,2020/11/6,辛,巳,T12,5,9,25,39,44,46
109098,2020/11/10,乙,酉,S1,5,17,19,21,28,29
109099,2020/11/13,戊,子,S4,7,9,12,15,25,29
109100,2020/11/17,壬,辰,S8,6,14,18,20,38,41
109101,2020/11/20,乙,未,S11,16,27,29,35,37,48
109102,2020/11/24,己,亥,T1,5,29,36,38,44,45
109103,2020/11/27,壬,寅,T4,1,19,26,30,35,48
109104,2020/12/1,丙,午,T8,4,22,29,37,44,49
109105,2020/12/4,己,酉,T11,2,13,27,30,41,44
109106,2020/12/8,癸,丑,S0,2,4,10,15,31,45
109107,2020/12/11,丙,辰,S3,8,17,36,37,42,43
109108,2020/12/15,庚,申,S7,2,6,17,21,43,48
109109,2020/12/18,癸,亥,S10,2,11,24,26,30,41
109110,2020/12/22,丁,卯,S14,20,22,25,30,31,45
109111,2020/12/25,庚,午,T2,1,5,6,19,29,30
109112,2020/12/29,甲,戌,T6,10,14,33,34,35,39
110001,2021/1/1,丁,丑,T9,5,37,41,42,46,49
110002,2021/1/5,辛,巳,T12,8,13,17,20,43,48
110003,2021/1/8,甲,申,S2,4,18,24,26,43,47
110004,2021/1/12,戊,子,S6,1,10,20,28,37,44
110005,2021/1/15,辛,卯,S9,3,4,8,11,42,44
110006,2021/1/19,乙,未,S13,15,29,31,33,41,47
110007,2021/1/22,戊,戌,S1,7,30,34,36,45,46
110008,2021/1/26,壬,寅,S5,8,20,23,37,43,46
110009,2021/1/29,乙,巳,S8,14,22,30,31,39,40
110010,2021/2/2,己,酉,T12,14,34,35,38,43,47
110011,2021/2/5,壬,子,T15,5,9,19,31,33,35
110012,2021/2/9,丙,辰,S4,1,3,6,12,27,43
110013,2021/2/10,己,未,S7,3,18,24,34,41,42
110014,2021/2/11,癸,亥,S11,7,17,18,26,41,47
110015,2021/2/12,丙,寅,S14,5,6,10,12,44,48
110016,2021/2/13,庚,午,T3,13,30,37,40,43,46
110017,2021/2/14,癸,酉,T6,1,12,16,17,38,45
110018,2021/2/15,丁,丑,T10,4,8,10,18,33,40
110019,2021/2/16,庚,辰,T13,1,9,11,12,37,46
110020,2021/2/17,甲,申,S2,2,13,24,26,45,49
110021,2021/2/18,丁,亥,S5,1,3,9,41,42,48
110022,2021/2/19,辛,卯,S9,2,28,31,36,40,45
110023,2021/2/20,甲,午,S12,1,6,10,11,26,47
110024,2021/2/21,戊,戌,T0,9,18,25,27,32,39
110025,2021/2/23,辛,丑,T3,1,6,18,19,20,42
110026,2021/2/26,乙,巳,T7,4,13,22,23,39,42
110027,2021/3/2,戊,申,T10,5,7,11,24,27,30
110028,2021/3/5,壬,子,T14,6,8,14,29,38,48
110029,2021/3/9,乙,卯,S2,8,9,13,29,36,46
110030,2021/3/12,己,未,S6,8,21,26,30,33,46
110031,2021/3/16,壬,戌,S9,8,19,22,24,30,43
110032,2021/3/19,丙,寅,T13,7,19,28,35,38,48
110033,2021/3/23,己,巳,T0,2,15,28,43,45,49
110034,2021/3/26,癸,酉,T4,15,21,24,30,37,38
110035,2021/3/30,丙,子,T7,17,22,23,25,31,33
110036,2021/4/2,庚,辰,T11,17,21,25,30,40,42
110037,2021/4/6,癸,未,T14,1,22,26,28,34,38
110038,2021/4/9,丁,亥,S3,6,9,18,25,29,35
110039,2021/4/13,庚,寅,S6,11,25,31,32,35,42
110040,2021/4/16,甲,午,S10,7,10,16,21,33,46
110041,2021/4/20,丁,酉,S13,5,7,9,15,24,26
110042,2021/4/23,辛,丑,T1,18,20,23,32,37,46
110043,2021/4/27,甲,辰,T4,5,8,20,23,34,39
110044,2021/4/30,戊,申,T8,4,14,22,42,46,47
110045,2021/5/4,辛,亥,T11,5,15,17,19,27,37
110046,2021/5/7,乙,卯,T15,12,22,26,35,36,49
110047,2021/5/11,戊,午,S2,5,7,9,27,35,42
110048,2021/5/14,壬,戌,S6,2,13,14,30,43,48
110049,2021/5/18,乙,丑,S9,11,15,16,18,35,43
110050,2021/5/21,己,巳,S13,2,4,25,26,27,29
110051,2021/5/25,壬,申,T1,15,31,38,44,46,48
110052,2021/5/28,丙,子,T5,4,12,18,23,43,46
110053,2021/6/1,己,卯,T8,1,2,9,26,35,41
110054,2021/6/4,癸,未,T12,7,8,24,28,32,41
110055,2021/6/8,丙,戌,T15,4,6,26,36,38,47
110056,2021/6/11,庚,寅,S3,7,9,16,23,27,44
110057,2021/6/15,癸,巳,S6,9,11,23,34,41,45
110058,2021/6/18,丁,酉,S10,2,18,22,25,41,43
110059,2021/6/22,庚,子,S13,14,17,27,43,45,48
110060,2021/6/25,甲,辰,T1,1,4,9,37,38,41
110061,2021/6/29,丁,未,T4,1,23,25,30,38,45
110062,2021/7/2,辛,亥,T8,4,9,11,25,27,29
110063,2021/7/6,甲,寅,T11,13,19,25,32,42,44
110064,2021/7/9,戊,午,S0,3,13,24,26,27,29
110065,2021/7/13,辛,酉,S3,9,14,17,23,33,48
110066,2021/7/16,乙,丑,S7,13,16,17,19,39,44
110067,2021/7/20,戊,辰,S10,1,8,32,41,44,49
110068,2021/7/23,壬,申,S14,7,15,23,24,31,38
110069,2021/7/27,乙,亥,T1,3,28,30,42,43,46
110070,2021/7/30,己,卯,T5,2,15,19,29,43,46
110071,2021/8/3,壬,午,T8,17,27,30,38,42,44
110072,2021/8/6,丙,戌,T12,3,4,15,29,32,39
110073,2021/8/10,己,丑,S0,1,3,16,17,24,25
110074,2021/8/13,癸,巳,S4,5,6,19,24,33,41
110075,2021/8/17,丙,申,S7,2,11,29,33,41,44
110076,2021/8/20,庚,子,S11,3,6,11,13,18,37
110077,2021/8/24,癸,卯,S14,1,5,17,36,40,41
110078,2021/8/27,丁,未,T3,8,11,16,32,35,43
110079,2021/8/31,庚,戌,T6,7,14,23,43,47,49
110080,2021/9/3,甲,寅,T11,1,18,21,24,32,41
110081,2021/9/7,丁,巳,T14,4,20,26,27,45,48
110082,2021/9/10,辛,酉,S2,1,5,15,16,28,41
110083,2021/9/14,甲,子,S5,9,13,18,22,40,41
110084,2021/9/17,戊,辰,S9,7,12,18,35,37,45
110085,2021/9/21,辛,未,S12,2,13,16,28,31,34
110086,2021/9/24,乙,亥,T1,4,10,21,30,39,42
110087,2021/9/28,戊,寅,T4,23,24,27,36,47,49
110088,2021/10/1,壬,午,T8,2,9,16,22,41,49
110089,2021/10/5,乙,酉,T11,1,3,11,23,46,47
110090,2021/10/8,己,丑,S0,18,19,20,34,37,44
110091,2021/10/12,壬,辰,S3,1,6,14,26,28,31
110092,2021/10/15,丙,申,S7,2,12,21,25,26,37
110093,2021/10/19,己,亥,S10,20,21,26,35,39,47
110094,2021/10/22,癸,卯,S14,8,13,25,27,38,46
110095,2021/10/26,丙,午,T3,14,18,21,26,47,49
110096,2021/10/29,庚,戌,T7,2,9,17,28,36,42
110097,2021/11/2,癸,丑,T10,1,12,17,21,37,43
110098,2021/11/5,丁,巳,T14,16,18,26,30,40,44
110099,2021/11/9,庚,申,S2,9,14,20,26,39,42
110100,2021/11/12,甲,子,S6,2,3,25,27,37,47
110101,2021/11/16,丁,卯,S9,6,23,34,41,43,44
110102,2021/11/19,辛,未,S13,13,15,16,17,23,36
110103,2021/11/23,甲,戌,T1,6,7,13,32,33,37
110104,2021/11/26,戊,寅,T5,10,15,16,21,22,30
110105,2021/11/30,辛,巳,T8,9,10,26,31,40,49
110106,2021/12/3,乙,酉,T12,8,13,14,35,36,41
110107,2021/12/7,戊,子,S0,19,21,30,43,44,48
110108,2021/12/10,壬,辰,S4,3,15,21,24,27,40
110109,2021/12/14,乙,未,S7,7,14,21,27,30,36
110110,2021/12/17,己,亥,S11,2,11,30,35,37,40
110111,2021/12/21,壬,寅,S14,4,5,27,31,44,48
110112,2021/12/24,丙,午,T3,2,7,11,19,27,44
110113,2021/12/28,己,酉,T6,1,2,8,11,21,45
110114,2021/12/31,癸,丑,T10,5,9,14,28,34,37
111001,2022/1/4,丙,辰,T13,3,4,7,19,22,43
111002,2022/1/7,庚,申,S3,6,9,15,31,38,39
111003,2022/1/11,癸,亥,S6,10,11,13,17,36,49
111004,2022/1/14,丁,卯,S10,5,13,14,24,26,35
111005,2022/1/18,庚,午,S13,19,22,33,35,38,48
111006,2022/1/21,甲,戌,T2,15,26,27,34,37,42
111007,2022/1/25,丁,丑,T5,2,9,10,15,27,35
111008,2022/1/28,辛,巳,T9,7,12,36,41,42,44
111009,2022/1/29,甲,申,T12,1,2,20,23,26,34
111010,2022/1/30,戊,子,S0,3,8,15,20,22,23
111011,2022/1/31,辛,卯,S3,4,14,32,33,43,44
111012,2022/2/1,乙,未,S7,8,25,34,44,45,47
111013,2022/2/2,戊,戌,S10,6,11,18,23,33,41
111014,2022/2/3,壬,寅,S14,5,9,18,22,34,36
111015,2022/2/4,乙,巳,T2,1,18,21,29,36,38
111016,2022/2/5,己,酉,T6,2,4,13,36,41,49
111017,2022/2/6,壬,子,T9,12,24,29,34,38,42
111018,2022/2/7,丙,辰,T13,3,18,23,32,40,45
111019,2022/2/8,己,未,S1,5,23,29,33,38,49
111020,2022/2/9,癸,亥,S5,2,7,11,18,35,45
111021,2022/2/10,丙,寅,S8,1,22,25,27,41,44
111022,2022/2/11,庚,午,S12,23,24,30,42,44,46
111023,2022/2/15,癸,酉,S15,18,23,26,27,40,42
111024,2022/2/18,丁,丑,T3,16,20,36,39,47,48
111025,2022/2/22,庚,辰,T6,3,21,22,34,37,40
111026,2022/2/25,甲,申,T10,17,18,21,26,38,49
111027,2022/3/1,丁,亥,T13,7,17,19,24,31,45
111028,2022/3/4,辛,卯,S1,1,3,18,29,30,31
111029,2022/3/8,甲,午,S4,13,14,16,19,30,44
111030,2022/3/11,戊,戌,S8,3,4,8,15,21,24
111031,2022/3/15,辛,丑,S11,1,31,33,37,46,47
111032,2022/3/18,乙,巳,T0,2,15,21,26,42,44
111033,2022/3/22,戊,申,T3,7,21,26,36,43,49
111034,2022/3/25,壬,子,T7,14,17,22,45,47,49
111035,2022/3/29,乙,卯,T10,16,21,24,27,29,43
111036,2022/4/1,己,未,T14,3,10,11,20,34,38
111037,2022/4/5,壬,戌,S1,8,15,24,27,31,33
111038,2022/4/8,丙,寅,S5,10,15,19,29,31,44
111039,2022/4/12,己,巳,S8,14,17,18,22,40,42
111040,2022/4/15,癸,酉,S12,2,9,11,14,15,30
111041,2022/4/19,丙,子,S15,4,5,18,20,30,41
111042,2022/4/22,庚,辰,T3,3,28,32,36,47,49
111043,2022/4/26,癸,未,T6,12,31,32,42,43,49
111044,2022/4/29,丁,亥,T10,12,14,18,25,44,48
111045,2022/5/3,庚,寅,T13,14,16,18,19,21,23
111046,2022/5/6,甲,午,S2,1,5,19,28,45,49
111047,2022/5/10,丁,酉,S5,2,11,20,24,32,48
111048,2022/5/13,辛,丑,S9,10,24,27,36,37,48
111049,2022/5/17,甲,辰,S12,9,22,28,29,34,37
111050,2022/5/20,戊,申,T0,5,8,12,22,42,49
111051,2022/5/24,辛,亥,T3,4,19,24,35,45,46
111052,2022/5/27,乙,卯,T7,4,11,18,37,39,46
111053,2022/5/31,戊,午,T10,10,11,17,25,27,28
111054,2022/6/3,壬,戌,T14,4,11,39,42,43,48
111055,2022/6/7,乙,丑,S2,4,17,18,19,31,44
111056,2022/6/10,己,巳,S6,5,10,13,28,29,38
111057,2022/6/14,壬,申,S9,3,9,20,28,29,47
111058,2022/6/17,丙,子,S13,7,11,28,30,46,47
111059,2022/6/21,己,卯,T0,3,14,20,34,41,44
111060,2022/6/24,癸,未,T4,3,18,26,29,40,43
111061,2022/6/28,丙,戌,T7,21,24,25,41,42,45
111062,2022/7/1,庚,寅,T11,14,20,29,32,34,43
111063,2022/7/5,癸,巳,T14,3,8,26,38,45,47
111064,2022/7/8,丁,酉,S3,5,9,15,35,40,44
111065,2022/7/12,庚,子,S6,7,14,17,20,29,45
111066,2022/7/15,甲,辰,S10,14,15,27,41,43,49
111067,2022/7/19,丁,未,S13,9,16,23,29,40,41
111068,2022/7/22,辛,亥,T2,11,12,24,30,33,38
111069,2022/7/26,甲,寅,T5,10,12,17,27,29,39
111070,2022/7/29,戊,午,T9,12,18,19,21,33,37
111071,2022/8/2,辛,酉,T12,2,26,28,29,37,48
111072,2022/8/5,乙,丑,S1,5,18,21,30,43,46
111073,2022/8/9,戊,辰,S4,9,11,21,23,30,33
111074,2022/8/12,壬,申,S8,4,7,15,21,37,43
111075,2022/8/16,乙,亥,S11,1,7,11,16,18,31
111076,2022/8/19,己,卯,T0,3,4,10,21,28,41
111077,2022/8/23,壬,午,T3,6,23,24,25,47,49
111078,2022/8/26,丙,戌,T7,4,16,17,30,38,42
111079,2022/8/30,己,丑,T10,5,8,16,27,35,45
111080,2022/9/2,癸,巳,T14,20,23,25,36,43,45
111081,2022/9/6,丙,申,S2,26,32,35,36,38,49
111082,2022/9/9,庚,子,S6,7,15,17,28,36,39
111083,2022/9/13,癸,卯,S9,7,10,15,21,34,48
111084,2022/9/16,丁,未,S13,2,6,7,27,31,44
111085,2022/9/20,庚,戌,T1,11,13,24,29,35,43
111086,2022/9/23,甲,寅,T5,2,12,30,31,44,48
111087,2022/9/27,丁,巳,T8,10,17,28,34,40,43
111088,2022/9/30,辛,酉,T12,5,12,18,28,34,39
111089,2022/10/4,甲,子,S1,13,14,23,34,43,49
111090,2022/10/7,戊,辰,S5,5,10,15,16,26,30
111091,2022/10/11,辛,未,S8,1,3,23,25,42,46
111092,2022/10/14,乙,亥,S12,1,11,13,25,32,36
111093,2022/10/18,戊,寅,T0,1,14,27,38,39,47
111094,2022/10/21,壬,午,T4,11,20,36,37,42,49
111095,2022/10/25,乙,酉,T7,18,32,36,43,48,49
111096,2022/10/28,己,丑,T11,17,18,19,23,25,32
111097,2022/11/1,壬,辰,T14,17,24,28,32,34,40
111098,2022/11/4,丙,申,S3,11,21,23,30,36,47
111099,2022/11/8,己,亥,S6,15,18,37,39,44,47
111100,2022/11/11,癸,卯,S10,2,10,19,20,36,48
111101,2022/11/15,丙,午,S13,19,20,26,29,34,39
111102,2022/11/18,庚,戌,T2,10,17,27,37,44,45
111103,2022/11/22,癸,丑,T5,5,13,18,24,27,48
111104,2022/11/25,丁,巳,T9,14,15,20,26,35,41
111105,2022/11/29,庚,申,T12,6,21,34,37,46,49
111106,2022/12/2,甲,子,S1,8,22,28,40,41,45
111107,2022/12/6,丁,卯,S4,10,15,27,32,39,42
111108,2022/12/9,辛,未,S8,10,16,22,40,45,48
111109,2022/12/13,甲,戌,S11,6,9,12,14,33,47
111110,2022/12/16,戊,寅,T0,6,11,12,40,47,49
111111,2022/12/20,辛,巳,T3,3,4,12,16,29,32
111112,2022/12/23,乙,酉,T7,9,13,32,34,35,39
111113,2022/12/27,戊,子,T10,3,11,16,21,22,39
111114,2022/12/30,壬,辰,T14,5,8,14,17,20,46
112001,2023/1/3,乙,未,S2,2,4,8,19,24,39
112002,2023/1/6,己,亥,S6,19,22,29,36,43,46
112003,2023/1/10,壬,寅,S9,15,21,22,30,41,42
112004,2023/1/13,丙,午,S13,5,21,23,24,40,44
112005,2023/1/17,己,酉,T1,5,17,23,24,36,42
112006,2023/1/20,癸,丑,T5,16,25,27,31,34,42
112007,2023/1/21,丙,辰,T8,1,5,16,21,23,25
112008,2023/1/22,庚,申,T12,6,8,10,22,27,29
112009,2023/1/23,癸,亥,T15,7,10,18,23,34,35
112010,2023/1/24,丁,卯,S3,2,4,18,20,30,32
112011,2023/1/25,庚,午,S6,2,3,8,23,24,27
112012,2023/1/26,甲,戌,S10,10,12,13,21,40,42
112013,2023/1/27,丁,丑,S13,4,13,28,33,38,39
112014,2023/1/28,辛,巳,T2,1,19,23,30,35,48
112015,2023/1/29,甲,申,T5,2,8,9,15,27,31
112016,2023/1/30,戊,子,T9,7,18,23,39,41,43
112017,2023/1/31,辛,卯,T12,1,26,33,36,40,42
112018,2023/2/1,乙,未,S0,5,8,19,23,33,46
112019,2023/2/2,戊,戌,S3,8,13,19,21,31,45
112020,2023/2/3,壬,寅,S7,3,14,25,29,44,45
112021,2023/2/4,乙,巳,S10,2,14,20,21,22,49
112022,2023/2/5,己,酉,S14,5,19,25,33,38,42
112023,2023/2/7,壬,子,T2,3,8,11,18,28,47
112024,2023/2/10,丙,辰,T6,7,11,24,28,33,46
112025,2023/2/14,己,未,T9,11,22,23,30,31,49
112026,2023/2/17,癸,亥,T13,7,9,14,16,26,33
112027,2023/2/21,丙,寅,S0,1,5,6,11,26,46
112028,2023/2/24,庚,午,S4,15,38,39,40,45,48
112029,2023/2/28,癸,酉,S7,2,11,25,26,27,35
112030,2023/3/3,丁,丑,S11,13,16,18,22,34,42
112031,2023/3/7,庚,辰,S14,13,17,23,25,32,41
112032,2023/3/10,甲,申,T2,15,19,29,32,39,40
112033,2023/3/14,丁,亥,T5,3,4,11,12,20,37
112034,2023/3/17,辛,卯,T9,6,7,10,24,29,40
112035,2023/3/21,甲,午,T12,3,11,20,30,41,45
112036,2023/3/24,戊,戌,S0,2,14,26,34,40,46
112037,2023/3/28,辛,丑,S3,3,10,26,35,37,44
112038,2023/3/31,乙,巳,S7,10,22,26,29,45,47
112039,2023/4/4,戊,申,S10,10,19,21,33,35,47
112040,2023/4/7,壬,子,S14,4,11,20,25,32,39
112041,2023/4/11,乙,卯,T2,9,12,30,31,33,37
112042,2023/4/14,己,未,T6,10,22,23,35,46,49
112043,2023/4/18,壬,戌,T9,6,8,10,28,41,43
112044,2023/4/21,丙,寅,T13,7,11,23,25,27,43
112045,2023/4/25,己,巳,S0,5,12,13,27,28,41
112046,2023/4/28,癸,酉,S4,5,31,38,41,43,47
112047,2023/5/2,丙,子,S7,8,9,14,37,42,46
112048,2023/5/5,庚,辰,S11,10,13,16,19,21,48
112049,2023/5/9,癸,未,S14,1,21,22,29,31,44
112050,2023/5/12,丁,亥,T3,2,7,9,18,20,48
112051,2023/5/16,庚,寅,T6,1,19,26,34,38,43
112052,2023/5/19,甲,午,T10,5,8,9,35,38,44
112053,2023/5/23,丁,酉,T13,5,20,23,38,44,46
112054,2023/5/26,辛,丑,S2,5,10,12,15,30,36
112055,2023/5/30,甲,辰,S5,5,6,9,29,43,45
112056,2023/6/2,戊,申,S9,1,5,13,16,23,34
112057,2023/6/6,辛,亥,S12,8,13,27,30,41,43
112058,2023/6/9,乙,卯,T0,30,32,36,38,46,49
112059,2023/6/13,戊,午,T3,1,6,8,9,10,21
112060,2023/6/16,壬,戌,T7,2,21,22,30,33,41
112061,2023/6/20,乙,丑,T10,5,15,32,34,37,41
112062,2023/6/23,己,巳,T14,4,8,23,31,42,49
112063,2023/6/27,壬,申,S2,13,24,30,37,43,44
112064,2023/6/30,丙,子,S6,6,22,26,29,32,43
112065,2023/7/4,己,卯,S9,6,12,15,16,24,41
112066,2023/7/7,癸,未,S13,3,6,15,21,24,33
112067,2023/7/11,丙,戌,T2,10,21,26,34,48,49
112068,2023/7/14,庚,寅,T6,10,15,17,33,34,45
112069,2023/7/18,癸,巳,T9,4,5,16,19,34,40
112070,2023/7/21,丁,酉,T13,3,15,35,39,41,49
112071,2023/7/25,庚,子,S1,12,17,28,33,40,45
112072,2023/7/28,甲,辰,S5,1,3,22,25,34,44
112073,2023/8/1,丁,未,S8,11,26,37,38,40,41
112074,2023/8/4,辛,亥,S12,6,10,21,34,38,41
112075,2023/8/8,甲,寅,T0,11,26,28,30,41,45
112076,2023/8/11,戊,午,T4,8,27,34,38,39,47
112077,2023/8/15,辛,酉,T7,10,22,26,30,34,43
112078,2023/8/18,乙,丑,T11,13,19,21,24,41,45
112079,2023/8/22,戊,辰,T14,2,19,26,34,43,46
112080,2023/8/25,壬,申,S3,2,10,20,31,33,46
112081,2023/8/29,乙,亥,S6,6,7,10,22,41,42
112082,2023/9/1,己,卯,S10,1,19,26,34,45,49
112083,2023/9/5,壬,午,S13,12,14,32,34,40,48
112084,2023/9/8,丙,戌,T3,14,20,23,33,34,40
112085,2023/9/12,己,丑,T6,21,22,26,33,34,35
112086,2023/9/15,癸,巳,T10,12,16,19,30,37,39
112087,2023/9/19,丙,申,T13,3,16,24,35,37,41
112088,2023/9/22,庚,子,S2,2,13,32,36,38,43
112089,2023/9/26,癸,卯,S5,9,14,26,37,38,39
112090,2023/9/29,丁,未,S9,6,9,18,35,38,48
112091,2023/10/3,庚,戌,S12,3,22,29,31,40,44
112092,2023/10/6,甲,寅,T1,6,16,21,27,30,49
112093,2023/10/10,丁,巳,T4,3,8,17,33,34,48
112094,2023/10/13,辛,酉,T8,1,9,13,14,28,30
112095,2023/10/17,甲,子,T11,5,12,13,20,24,34
112096,2023/10/20,戊,辰,S0,32,37,38,39,40,44
112097,2023/10/24,辛,未,S3,7,29,34,41,43,49
112098,2023/10/27,乙,亥,S7,6,15,22,27,28,31
112099,2023/10/31,戊,寅,S10,2,10,18,36,42,47
112100,2023/11/3,壬,午,S14,8,20,24,28,40,48
112101,2023/11/7,乙,酉,T2,7,8,21,41,44,47
112102,2023/11/10,己,丑,T6,2,4,6,8,11,31
112103,2023/11/14,壬,辰,T9,6,12,15,30,38,43
112104,2023/11/17,丙,申,T13,15,30,31,34,40,45
112105,2023/11/21,己,亥,S1,16,21,26,30,37,47
112106,2023/11/24,癸,卯,S5,9,16,20,42,43,48
112107,2023/11/28,丙,午,S8,12,18,23,27,33,44
112108,2023/12/1,庚,戌,S12,4,15,18,23,40,47
112109,2023/12/5,癸,丑,S15,10,14,30,38,42,48
112110,2023/12/8,丁,巳,T4,5,8,22,27,28,29
112111,2023/12/12,庚,申,T7,6,20,30,33,38,46
112112,2023/12/15,甲,子,T11,1,9,22,28,33,39
112113,2023/12/19,丁,卯,T14,14,18,20,26,38,48
112114,2023/12/22,辛,未,S2,8,9,20,34,35,49
112115,2023/12/26,甲,戌,S5,8,19,28,29,30,46
112116,2023/12/29,戊,寅,S9,1,11,23,31,39,46
113001,2024/1/2,辛,巳,S12,4,14,18,21,36,38
113002,2024/1/5,乙,酉,T1,2,20,23,30,35,47
113003,2024/1/9,戊,子,T4,12,29,31,37,44,49
113004,2024/1/12,壬,辰,T8,4,25,29,38,42,46
113005,2024/1/16,乙,未,T11,1,3,20,21,36,40
113006,2024/1/19,己,亥,T15,1,3,7,19,31,46
113007,2024/1/23,壬,寅,S2,2,14,17,26,27,47
113008,2024/1/26,丙,午,S6,2,11,20,34,46,47
113009,2024/1/30,己,酉,S9,7,19,30,38,40,45
113010,2024/2/2,癸,丑,S13,5,9,25,35,38,39
113011,2024/2/6,丙,辰,T0,14,19,23,26,34,40
113012,2024/2/7,庚,申,T4,20,22,31,34,35,37
113013,2024/2/8,癸,亥,T7,5,8,25,31,39,47
113014,2024/2/9,丁,卯,T11,3,7,16,20,25,30
113015,2024/2/10,庚,午,T14,5,6,11,13,28,34
113016,2024/2/11,甲,戌,S3,11,13,23,29,44,45
113017,2024/2/12,丁,丑,S6,16,22,37,46,47,49
113018,2024/2/13,辛,巳,S10,2,3,6,39,44,47
113019,2024/2/14,甲,申,S13,7,12,19,26,32,39
113020,2024/2/15,戊,子,T1,4,8,18,19,20,33
113021,2024/2/16,辛,卯,T4,19,24,33,42,43,45
113022,2024/2/17,乙,未,T8,4,5,20,27,32,40
113023,2024/2/18,戊,戌,T11,6,12,24,32,36,44
113024,2024/2/19,壬,寅,T15,2,10,17,32,38,48
113025,2024/2/20,乙,巳,S2,6,8,17,27,34,46
113026,2024/2/21,己,酉,S6,13,21,25,27,31,43
113027,2024/2/22,壬,子,S9,9,11,18,31,39,46
113028,2024/2/23,丙,辰,S13,3,8,9,21,34,49
113029,2024/2/24,己,未,T1,8,15,21,27,46,48
113030,2024/2/27,癸,亥,T5,7,15,17,29,41,42
113031,2024/3/1,丙,寅,T8,1,29,30,39,46,47
113032,2024/3/5,庚,午,T12,10,15,21,24,26,38
113033,2024/3/8,癸,酉,T15,7,26,27,29,36,40
113034,2024/3/12,丁,丑,S3,3,13,22,27,45,49
113035,2024/3/15,庚,辰,S6,8,18,33,37,40,43
113036,2024/3/19,甲,申,S10,8,14,19,20,21,36
113037,2024/3/22,丁,亥,S13,4,16,38,40,41,48
113038,2024/3/26,辛,卯,T2,6,19,21,29,32,46
113039,2024/3/29,甲,午,T5,2,3,13,15,43,48
113040,2024/4/2,戊,戌,T9,27,32,38,39,46,49
113041,2024/4/5,辛,丑,T12,4,31,35,38,40,48
113042,2024/4/9,乙,巳,S0,3,16,17,19,22,26
113043,2024/4/12,戊,申,S3,3,5,12,15,17,39
113044,2024/4/16,壬,子,T7,5,8,17,33,35,40
113045,2024/4/19,乙,卯,T10,7,10,16,22,31,46
113046,2024/4/23,己,未,T14,13,14,17,32,33,36
113047,2024/4/26,壬,戌,T2,13,21,22,26,33,34
113048,2024/4/30,丙,寅,T6,3,9,13,22,33,43
113049,2024/5/3,己,巳,T9,6,11,12,22,34,39
113050,2024/5/7,癸,酉,T13,7,9,15,28,30,33
113051,2024/5/10,丙,子,S1,15,19,30,35,38,41
113052,2024/5/14,庚,辰,S5,6,7,10,25,32,43
113053,2024/5/17,癸,未,S8,15,33,34,40,41,49
113054,2024/5/21,丁,亥,S12,1,30,34,35,38,42
113055,2024/5/24,庚,寅,T0,4,23,24,28,30,40
113056,2024/5/28,甲,午,T4,12,17,18,21,33,37
113057,2024/5/31,丁,酉,T7,8,14,16,19,23,32
113058,2024/6/4,辛,丑,T11,7,30,33,34,35,46
113059,2024/6/7,甲,辰,T14,19,24,29,36,37,43
113060,2024/6/11,戊,申,S4,7,10,12,27,36,46
113061,2024/6/14,辛,亥,S7,1,7,9,18,36,47
113062,2024/6/18,乙,卯,S11,6,24,31,35,36,42
113063,2024/6/21,戊,午,S14,2,17,31,42,44,46
113064,2024/6/25,壬,戌,T3,6,8,12,29,41,48
113065,2024/6/28,乙,丑,T6,10,11,25,31,36,41
113066,2024/7/2,己,巳,T10,1,33,38,39,41,45
113067,2024/7/5,壬,申,T13,2,11,20,25,37,49
113068,2024/7/9,丙,子,S2,15,18,19,31,39,40
113069,2024/7/12,己,卯,S5,2,13,19,33,46,49
113070,2024/7/16,癸,未,S9,4,12,22,29,36,47
113071,2024/7/19,丙,戌,S12,11,13,25,28,33,40
113072,2024/7/23,庚,寅,T1,3,6,10,23,33,35
113073,2024/7/26,癸,巳,T4,6,19,23,35,41,46
113074,2024/7/30,丁,酉,T8,5,15,24,35,46,48
113075,2024/8/2,庚,子,T11,2,4,5,15,20,33
113076,2024/8/6,甲,辰,S1,20,27,31,33,38,46
113077,2024/8/9,丁,未,S4,14,20,27,42,44,47
113078,2024/8/13,辛,亥,S8,2,28,30,37,40,48
113079,2024/8/16,甲,寅,S11,4,6,14,31,44,45
113080,2024/8/20,戊,午,T0,12,13,18,28,39,49
113081,2024/8/23,辛,酉,T3,16,20,32,34,37,43
113082,2024/8/27,乙,丑,T7,12,22,24,38,40,46
113083,2024/8/30,戊,辰,T10,2,17,25,29,32,38
113084,2024/9/3,壬,申,T14,5,22,25,27,36,41
113085,2024/9/6,乙,亥,S2,9,15,17,38,45,49
113086,2024/9/10,己,卯,S6,6,14,16,25,35,38
113087,2024/9/13,壬,午,S9,13,17,26,39,43,48
113088,2024/9/17,丙,戌,S13,26,34,35,40,44,46
113089,2024/9/20,己,丑,T1,4,8,18,30,35,49
113090,2024/9/24,癸,巳,T5,5,13,14,16,37,48
113091,2024/9/27,丙,申,T8,2,3,5,21,45,49
113092,2024/10/1,庚,子,T12,10,12,13,19,27,33
113093,2024/10/4,癸,卯,S0,12,17,19,27,38,42
113094,2024/10/8,丁,未,S4,3,5,7,31,33,45
113095,2024/10/11,庚,戌,S7,7,9,12,21,26,32
113096,2024/10/15,甲,寅,S11,5,10,13,28,39,41
113097,2024/10/18,丁,巳,S14,14,20,26,43,45,49
113098,2024/10/22,辛,酉,T2,2,24,29,30,38,49
113099,2024/10/25,甲,子,T5,7,19,25,35,36,38
113100,2024/10/29,戊,辰,T9,19,26,36,38,39,49
113101,2024/11/1,辛,未,T12,6,10,23,27,34,47
113102,2024/11/5,乙,亥,S1,4,17,21,30,41,49
113103,2024/11/8,戊,寅,S4,1,11,42,46,47,49
113104,2024/11/12,壬,午,S8,11,25,26,33,34,41
113105,2024/11/15,乙,酉,S11,24,25,30,36,41,43
113106,2024/11/19,己,丑,S15,5,7,11,22,25,44
113107,2024/11/22,壬,辰,T2,14,16,22,33,36,48
113108,2024/11/26,丙,申,T6,11,40,42,45,47,49
113109,2024/11/29,己,亥,T9,13,20,28,32,38,49
113110,2024/12/3,癸,卯,T13,5,6,7,12,17,35
113111,2024/12/6,丙,午,S1,9,15,18,33,44,47
113112,2024/12/10,庚,戌,S5,1,5,8,26,47,49
113113,2024/12/13,癸,丑,S8,7,11,28,29,38,39
113114,2024/12/17,丁,巳,S12,8,10,22,24,31,34
113115,2024/12/20,庚,申,S15,3,8,18,26,40,46
113116,2024/12/24,甲,子,T3,5,9,10,29,35,48
113117,2024/12/27,丁,卯,T6,21,26,28,30,32,34
113118,2024/12/31,辛,未,T10,10,25,34,35,42,48
114001,2025/1/3,甲,戌,T13,6,9,15,29,30,48
114002,2025/1/7,戊,寅,S1,1,8,20,26,29,35
114003,2025/1/10,辛,巳,S4,14,29,35,36,37,49
114004,2025/1/14,乙,酉,S8,1,3,13,15,37,48
114005,2025/1/17,戊,子,S11,11,18,32,39,44,49
114006,2025/1/21,壬,辰,S15,6,21,35,36,38,42
114007,2025/1/24,乙,未,T3,6,22,23,30,36,37
114008,2025/1/25,己,亥,T7,2,3,10,12,34,40
114009,2025/1/26,壬,寅,T10,7,12,16,31,40,43
114010,2025/1/27,丙,午,S14,11,22,30,35,37,38
114011,2025/1/28,己,酉,S1,4,8,20,26,31,34
114012,2025/1/29,癸,丑,S5,15,17,22,26,32,42
114013,2025/1/30,丙,辰,S8,5,8,27,29,30,48
114014,2025/1/31,庚,申,S12,7,11,13,23,39,42
114015,2025/2/1,癸,亥,S15,2,9,10,18,39,40
114016,2025/2/2,丁,卯,T3,10,16,25,28,33,37
114017,2025/2/3,庚,午,T6,7,20,29,32,33,39
114018,2025/2/4,甲,戌,T10,15,17,21,26,30,47
114019,2025/2/5,丁,丑,T13,3,6,13,32,33,41
114020,2025/2/6,辛,巳,S2,2,5,18,19,42,45
114021,2025/2/7,甲,申,S5,14,22,25,44,46,49
114022,2025/2/8,戊,子,S9,3,6,23,26,40,43
114023,2025/2/9,辛,卯,S12,4,6,13,14,22,25
114024,2025/2/10,乙,未,T0,1,18,28,34,35,43
114025,2025/2/11,戊,戌,T3,7,19,25,27,34,35
114026,2025/2/12,壬,寅,T7,12,30,31,37,47,49
114027,2025/2/14,乙,巳,T10,8,11,14,29,33,45
114028,2025/2/18,己,酉,T14,5,9,10,31,35,37
114029,2025/2/21,壬,子,S2,2,7,27,30,38,49
114030,2025/2/25,丙,辰,S6,13,15,24,37,38,43
114031,2025/2/28,己,未,S9,7,19,25,26,38,39
114032,2025/3/4,癸,亥,S13,7,21,31,36,46,47
114033,2025/3/7,丙,寅,T1,5,7,26,30,40,48
114034,2025/3/11,庚,午,T5,2,18,25,37,38,47
114035,2025/3/14,癸,酉,T8,6,7,13,17,21,23
114036,2025/3/18,丁,丑,T12,7,8,13,17,29,36
114037,2025/3/21,庚,辰,S0,13,25,29,40,46,47
114038,2025/3/25,甲,申,S4,17,24,40,41,46,48
114039,2025/3/28,丁,亥,S7,1,7,11,15,27,30
114040,2025/4/1,辛,卯,S11,4,16,18,29,35,37
114041,2025/4/4,甲,午,S14,7,20,29,40,43,47
114042,2025/4/8,戊,戌,T3,10,26,33,39,45,46
114043,2025/4/11,辛,丑,T6,6,10,11,17,23,32
114044,2025/4/15,乙,巳,T10,18,28,37,41,43,46
114045,2025/4/18,戊,申,T13,2,8,15,22,29,45
114046,2025/4/22,壬,子,S2,1,6,14,19,35,49
114047,2025/4/25,乙,卯,S5,20,21,24,25,31,35
114048,2025/4/29,己,未,S9,7,11,24,26,30,42
114049,2025/5/2,壬,戌,S12,2,5,39,43,45,47
114050,2025/5/6,丙,寅,T2,5,8,9,25,30,45
114051,2025/5/9,己,巳,T5,15,27,33,42,48,49
114052,2025/5/13,癸,酉,T9,1,23,29,41,45,49
114053,2025/5/16,丙,子,T12,13,16,22,23,34,39
114054,2025/5/20,庚,辰,S1,2,11,15,26,29,48
114055,2025/5/23,癸,未,S4,1,7,11,24,44,48
114056,2025/5/27,丁,亥,S8,16,17,26,29,32,40
114057,2025/5/30,庚,寅,S11,3,4,13,21,38,46
114058,2025/6/3,甲,午,T0,9,24,32,40,41,49
114059,2025/6/6,丁,酉,T3,11,13,15,39,42,46
114060,2025/6/10,辛,丑,T7,3,5,12,16,22,48
114061,2025/6/13,甲,辰,T10,1,2,10,13,20,27
114062,2025/6/17,戊,申,T14,13,20,21,26,31,44
114063,2025/6/20,辛,亥,S2,4,20,31,40,42,48
114064,2025/6/24,乙,卯,S6,3,8,20,37,45,49
114065,2025/6/27,戊,午,S9,4,8,9,14,21,39
114066,2025/7/1,壬,戌,S13,8,9,21,25,33,34
114067,2025/7/4,乙,丑,T2,5,13,15,18,33,37
114068,2025/7/8,己,巳,T6,6,8,12,14,25,35
114069,2025/7/11,壬,申,T9,15,16,26,34,48,49
114070,2025/7/15,丙,子,T13,32,33,41,45,46,49
114071,2025/7/18,己,卯,S1,2,25,36,37,38,46
114072,2025/7/22,癸,未,S5,5,17,19,26,27,39
114073,2025/7/25,丙,戌,S8,2,4,23,35,41,47
114074,2025/7/29,庚,寅,S12,2,5,14,19,36,45
114075,2025/8/1,癸,巳,S15,4,14,19,28,40,41
114076,2025/8/5,丁,酉,T4,1,20,34,36,37,40
114077,2025/8/8,庚,子,T7,11,16,17,21,24,29
114078,2025/8/12,甲,辰,T11,6,7,15,22,37,42
114079,2025/8/15,丁,未,T14,3,5,7,15,17,47
114080,2025/8/19,辛,亥,S2,2,23,25,33,41,46
114081,2025/8/22,甲,寅,S5,23,33,38,43,45,47
114082,2025/8/26,戊,午,S9,3,6,22,32,35,39
114083,2025/8/29,辛,酉,S12,13,20,25,27,28,32
114084,2025/9/2,乙,丑,T1,2,6,9,19,20,30
114085,2025/9/5,戊,辰,T4,10,13,14,17,19,29
114086,2025/9/9,壬,申,T8,12,20,25,26,40,45
114087,2025/9/12,乙,亥,T11,2,3,4,11,15,41
114088,2025/9/16,己,卯,T15,7,17,18,22,25,47
114089,2025/9/19,壬,午,S3,14,17,26,36,38,41
114090,2025/9/23,丙,戌,S7,5,14,22,25,27,45
114091,2025/9/26,己,丑,S10,1,2,25,29,41,49
114092,2025/9/30,癸,巳,S14,19,20,22,32,36,42
114093,2025/10/3,丙,申,T1,4,18,36,40,41,43
114094,2025/10/7,庚,子,T5,2,9,16,34,42,43
114095,2025/10/10,癸,卯,T8,13,16,18,22,39,42
114096,2025/10/14,丁,未,T12,11,16,20,31,39,41
114097,2025/10/17,庚,戌,T15,3,15,16,31,32,45
114098,2025/10/21,甲,寅,S4,14,20,25,42,44,49
114099,2025/10/24,丁,巳,S7,13,22,23,33,39,40
114100,2025/10/28,辛,酉,S11,5,8,11,12,18,39
114101,2025/10/31,甲,子,S14,3,4,7,10,18,21
114102,2025/11/4,戊,辰,T2,16,25,27,35,47,48
114103,2025/11/7,辛,未,T5,4,11,22,32,33,41
114104,2025/11/11,乙,亥,T9,11,16,24,42,44,47
114105,2025/11/14,戊,寅,T12,21,25,26,38,41,46
114106,2025/11/18,壬,午,S0,8,9,10,23,24,43
114107,2025/11/21,乙,酉,S3,14,20,21,28,31,46
114108,2025/11/25,己,丑,S7,2,10,12,20,23,24
114109,2025/11/28,壬,辰,S10,8,12,18,28,37,46
114110,2025/12/2,丙,申,S14,14,20,32,35,42,48
114111,2025/12/5,己,亥,T1,8,15,23,24,41,47
114112,2025/12/9,癸,卯,T5,5,10,18,26,28,44
114113,2025/12/12,丙,午,T8,15,17,24,26,40,47
114114,2025/12/16,庚,戌,T12,6,7,15,19,24,33
114115,2025/12/19,癸,丑,S0,6,8,11,12,18,46
114116,2025/12/23,丁,巳,S4,1,3,12,33,39,41
114117,2025/12/26,庚,申,S7,5,7,9,14,17,30
114118,2025/12/30,甲,子,S11,5,10,15,20,24,29
115001,2026/1/2,丁,卯,S14,3,7,16,19,40,42
115002,2026/1/6,辛,未,T2,2,23,33,38,39,45
115003,2026/1/9,甲,戌,T5,1,7,13,14,34,45
115004,2026/1/13,戊,寅,T9,2,10,18,19,39,49
115005,2026/1/16,辛,巳,T12,9,10,21,22,25,36
115006,2026/1/20,乙,酉,S1,2,7,26,41,44,45
115007,2026/1/23,戊,子,S4,21,23,32,36,39,43
115008,2026/1/27,壬,辰,S8,4,11,24,25,29,30
115009,2026/1/30,乙,未,S11,9,13,27,31,32,39
115010,2026/2/3,己,亥,S15,6,14,32,33,39,43
115011,2026/2/6,壬,寅,T2,4,12,24,25,39,48
115012,2026/2/10,丙,午,T6,6,16,20,21,24,35
115013,2026/2/13,己,酉,T9,9,20,25,35,39,48
115014,2026/2/17,癸,丑,T13,,,,,,
,,丙,辰,S1,,,,,,
,,庚,申,S5,,,,,,
,,癸,亥,S8,,,,,,
,,丁,卯,S12,,,,,,
,,庚,午,T0,,,,,,
,,甲,戌,T4,,,,,,
,,丁,丑,T7,,,,,,
,,辛,巳,T11,,,,,,
,,甲,申,T14,,,,,,
,,戊,子,S3,,,,,,
,,辛,卯,S6,,,,,,
,,乙,未,S10,,,,,,
,,戊,戌,S13,,,,,,
,,壬,寅,T2,,,,,,
,,乙,巳,T5,,,,,,
,,己,酉,T9,,,,,,
,,壬,子,T12,,,,,,
,,丙,辰,S1,,,,,,
,,己,未,S4,,,,,,
,,癸,亥,S8,,,,,,
,,丙,寅,S11,,,,,,
,,庚,午,T0,,,,,,
,,癸,酉,T3,,,,,,
,,丁,丑,T7,,,,,,
